"time","close","high","low","open","volumefrom","volumeto"
"2015-08-06",3,3,3,3,112.39,337.17
"2015-08-07",1.22,3,0.254,3,2104.43,1414.01
"2015-08-08",1.22,1.22,1.22,1.22,0,0
"2015-08-09",1.22,1.22,1.22,1.22,0,0
"2015-08-10",0.993,1.22,0.65,1.22,9486.09,7419.73
"2015-08-11",1.3,1.31,0.905,0.993,2140.46,2376.28
"2015-08-12",1.91,1.91,1.27,1.3,3163.29,4923.22
"2015-08-13",1.8,2.1,1.8,1.91,5800.73,11070.41
"2015-08-14",1.79,1.8,1.5,1.8,8728.24,14845.3
"2015-08-15",1.37,1.79,0.521,1.79,9962.97,11229.27
"2015-08-16",1.3,1.58,1.25,1.37,3967.05,5599.29
"2015-08-17",1.36,1.36,1.15,1.3,2293.32,2754.47
"2015-08-18",1.25,1.36,0.991,1.36,4958.69,5887.8
"2015-08-19",1.55,1.55,1.25,1.25,1448.2,2029.68
"2015-08-20",1.45,1.55,1.44,1.55,7432.63,10903.35
"2015-08-21",1.4,1.47,1.4,1.45,286.28,403.9
"2015-08-22",1.38,1.41,1.34,1.4,387.56,525.81
"2015-08-23",1.24,1.58,1.24,1.58,5142.72,6493.59
"2015-08-24",1.26,1.28,1.22,1.24,1150.65,1448.63
"2015-08-25",1.17,1.26,1.1,1.26,2546.83,2946.87
"2015-08-26",1.14,1.19,1.14,1.17,230.3,269.07
"2015-08-27",1.29,1.3,1.14,1.14,20767.1,26922.13
"2015-08-28",1.18,1.29,1.15,1.29,329.64,383.37
"2015-08-29",1.31,1.33,1.17,1.18,8741.45,11284.31
"2015-08-30",1.31,1.32,0.933,1.31,3329.66,4055.34
"2015-08-31",1.34,1.38,1.29,1.31,894.21,1220.61
"2015-09-01",1.16,1.37,1.14,1.34,555,744.92
"2015-09-02",1.24,1.32,1.16,1.16,2889.01,3738.69
"2015-09-03",1.24,1.24,1.22,1.24,18.64,23.16
"2015-09-04",1.37,1.37,1.24,1.24,7887.05,10444.58
"2015-09-05",1.34,1.39,1.34,1.37,438.34,627.35
"2015-09-06",1.32,1.34,1.26,1.34,519.44,689.38
"2015-09-07",1.3,1.32,1.3,1.32,82.23,103.93
"2015-09-08",1.25,1.3,1.25,1.3,72.43,91.39
"2015-09-09",1.16,1.28,1.15,1.25,2869.54,3364.75
"2015-09-10",1.01,1.26,0.886,1.16,3050.42,3277.86
"2015-09-11",1.12,1.18,0.956,0.959,543.92,550.49
"2015-09-12",0.886,1.12,0.885,1.12,3855.5,3756.04
"2015-09-13",0.955,0.962,0.886,0.886,870.32,805.59
"2015-09-14",0.95,1,0.804,0.955,2558.87,2273.61
"2015-09-15",0.957,0.957,0.942,0.95,69.81,66.41
"2015-09-16",0.923,0.957,0.837,0.957,235.85,215.7
"2015-09-17",0.854,0.924,0.854,0.923,855.85,747.28
"2015-09-18",0.9,0.9,0.838,0.854,307.16,275.01
"2015-09-19",0.93,0.944,0.899,0.9,32.82,29.52
"2015-09-20",0.899,0.967,0.899,0.93,180.51,172.52
"2015-09-21",0.874,0.935,0.874,0.899,200.59,176.69
"2015-09-22",0.902,0.933,0.869,0.874,14.71,13.25
"2015-09-23",0.826,0.902,0.818,0.902,753.11,622.04
"2015-09-24",0.691,0.826,0.685,0.826,2962.95,2208.29
"2015-09-25",0.71,0.743,0.686,0.691,218.98,159.45
"2015-09-26",0.766,0.789,0.706,0.71,14.55,10.93
"2015-09-27",0.616,0.766,0.609,0.766,5990.69,3789.18
"2015-09-28",0.593,0.662,0.558,0.616,20473.7,11634.6
"2015-09-29",0.726,0.754,0.551,0.593,821.99,589.36
"2015-09-30",0.668,0.729,0.668,0.726,775.99,542.77
"2015-10-01",0.664,0.676,0.664,0.668,441.27,293.58
"2015-10-02",0.699,0.703,0.662,0.664,99.67,68.79
"2015-10-03",0.675,0.699,0.675,0.699,437.42,295.74
"2015-10-04",0.656,0.748,0.615,0.676,379.48,268.19
"2015-10-05",0.63,0.696,0.63,0.656,1071.03,715.73
"2015-10-06",0.613,0.699,0.613,0.63,2350.54,1464.37
"2015-10-07",0.621,0.65,0.6,0.613,5865.66,3742.72
"2015-10-08",0.637,0.637,0.575,0.621,2368.75,1415.61
"2015-10-09",0.635,0.669,0.635,0.637,242.35,162.13
"2015-10-10",0.611,0.72,0.611,0.635,16.01,9.79
"2015-10-11",0.646,0.664,0.606,0.611,44.17,29.05
"2015-10-12",0.602,0.651,0.602,0.646,778.5,477.91
"2015-10-13",0.509,0.602,0.502,0.602,3379.46,1887.14
"2015-10-14",0.597,0.597,0.497,0.509,281.3,142.35
"2015-10-15",0.524,0.597,0.522,0.597,407.62,215.08
"2015-10-16",0.537,0.545,0.519,0.524,1591.58,855.31
"2015-10-17",0.506,0.539,0.506,0.537,1104.66,568.37
"2015-10-18",0.494,0.507,0.484,0.506,2000.57,1006.73
"2015-10-19",0.444,0.495,0.444,0.494,2051.99,945.21
"2015-10-20",0.425,0.464,0.425,0.444,1479.18,643.3
"2015-10-21",0.609,0.611,0.413,0.426,3857.28,2019.86
"2015-10-22",0.57,0.609,0.51,0.609,4027.26,2290.62
"2015-10-23",0.545,0.57,0.529,0.57,296.28,156.31
"2015-10-24",0.636,0.671,0.545,0.545,1466,921.94
"2015-10-25",0.709,0.711,0.636,0.636,1776.92,1189.72
"2015-10-26",0.836,0.879,0.704,0.71,2132.67,1745.83
"2015-10-27",0.968,1.01,0.82,0.836,5080.53,4699.79
"2015-10-28",1.11,1.18,0.931,0.968,5868.51,6367.73
"2015-10-29",1.14,1.33,1.1,1.11,3560.32,4387.58
"2015-10-30",0.876,1.14,0.876,1.14,862.97,842.3
"2015-10-31",1.05,1.07,0.876,0.876,230.73,222.62
"2015-11-01",0.972,1.07,0.972,1.05,7289,7278.7
"2015-11-02",0.981,1.09,0.924,0.988,4601.93,4499.57
"2015-11-03",0.829,1,0.69,0.981,5818.12,5167.99
"2015-11-04",0.904,0.989,0.828,0.829,1239.1,1094.85
"2015-11-05",0.941,1.02,0.837,0.904,3221.72,3115.61
"2015-11-06",0.933,0.966,0.87,0.96,1347.58,1195.35
"2015-11-07",0.996,1,0.907,0.933,3628.42,3523.59
"2015-11-08",1.01,1.08,0.928,0.996,8854.98,9172.52
"2015-11-09",0.902,1.03,0.902,1.01,7731.33,7534.01
"2015-11-10",0.747,0.941,0.734,0.902,12236.84,9803.46
"2015-11-11",0.894,0.896,0.747,0.747,2352.34,2037.86
"2015-11-12",0.897,0.905,0.849,0.894,1868.38,1627.3
"2015-11-13",0.88,0.91,0.878,0.897,524.56,469.05
"2015-11-14",0.918,0.918,0.871,0.88,872.27,785.24
"2015-11-15",0.926,0.927,0.708,0.918,3015.5,2704.4
"2015-11-16",1,1.01,0.922,0.926,9822.06,9695.55
"2015-11-17",1,1,0.96,1,3381.06,3312.07
"2015-11-18",0.962,1,0.943,1,1621.44,1619.13
"2015-11-19",0.923,1.02,0.918,0.962,168.9,157.36
"2015-11-20",0.974,0.986,0.922,0.923,404.38,392.04
"2015-11-21",0.993,0.999,0.953,0.974,251.16,248.98
"2015-11-22",0.934,0.993,0.932,0.993,818.33,775.88
"2015-11-23",0.934,0.966,0.91,0.934,591.67,544.62
"2015-11-24",0.867,0.934,0.863,0.934,3163.94,2786.44
"2015-11-25",0.872,0.927,0.814,0.867,5881.15,5126.65
"2015-11-26",0.881,0.9,0.864,0.872,933.14,831.53
"2015-11-27",0.925,0.925,0.88,0.881,1106.38,1004.39
"2015-11-28",0.881,0.925,0.862,0.925,2708.13,2380.31
"2015-11-29",0.902,0.903,0.866,0.881,490.98,430.89
"2015-11-30",0.87,0.903,0.859,0.902,2868.99,2502.08
"2015-12-01",0.827,0.893,0.807,0.87,4041.77,3303.53
"2015-12-02",0.826,0.827,0.798,0.827,1123.65,908.15
"2015-12-03",0.841,0.844,0.807,0.826,643.53,529.66
"2015-12-04",0.855,0.87,0.832,0.841,935.34,794.43
"2015-12-05",0.839,0.876,0.839,0.855,915.71,784.34
"2015-12-06",0.81,0.839,0.796,0.839,1682.97,1372.68
"2015-12-07",0.812,0.881,0.784,0.81,6863,5424.9
"2015-12-08",0.804,0.843,0.759,0.812,9660.52,7568.11
"2015-12-09",0.843,0.869,0.783,0.804,7075.4,5898.88
"2015-12-10",0.899,0.924,0.785,0.843,7054.57,5976.73
"2015-12-11",0.967,1,0.899,0.899,5606.38,5395.9
"2015-12-12",0.934,0.98,0.921,0.967,1052.86,994.47
"2015-12-13",0.989,0.996,0.922,0.934,4654.56,4597.62
"2015-12-14",0.999,1,0.968,0.989,8028.55,8049.37
"2015-12-15",0.823,1.08,0.823,0.999,6207.83,5927.52
"2015-12-16",0.937,0.974,0.823,0.823,661.36,617.83
"2015-12-17",0.92,0.947,0.9,0.937,410.09,376.47
"2015-12-18",0.92,0.92,0.883,0.92,2389.02,2166.88
"2015-12-19",1.04,1.06,0.893,0.92,1453.06,1380.78
"2015-12-20",0.901,1.04,0.869,1.04,2585.56,2540.34
"2015-12-21",0.889,0.985,0.453,0.901,8989.26,6920.87
"2015-12-22",0.857,0.933,0.847,0.889,562.86,498.47
"2015-12-23",0.867,0.88,0.847,0.857,1412.67,1216.12
"2015-12-24",0.899,0.899,0.841,0.867,365.41,313.95
"2015-12-25",0.853,0.986,0.85,0.899,2826.94,2673.21
"2015-12-26",0.914,0.915,0.841,0.853,1358.1,1168.48
"2015-12-27",0.869,0.917,0.84,0.914,3695.91,3218
"2015-12-28",0.908,0.916,0.835,0.869,668.88,610.17
"2015-12-29",0.933,0.956,0.873,0.908,4391.08,3957.68
"2015-12-30",0.94,0.968,0.92,0.933,892.49,854.19
"2015-12-31",0.957,1.06,0.919,0.94,47.26,43.41
"2016-01-01",0.967,0.967,0.95,0.957,80.86,77.84
"2016-01-02",0.972,1.02,0.967,0.967,519.52,506.05
"2016-01-03",0.951,0.992,0.922,0.972,774.86,735.34
"2016-01-04",0.942,0.958,0.853,0.952,1077.37,1017.49
"2016-01-05",0.965,0.966,0.939,0.942,1195.43,1147.11
"2016-01-06",0.957,0.972,0.931,0.965,1745.73,1684.61
"2016-01-07",0.998,1.02,0.965,0.967,7185.68,7074.17
"2016-01-08",0.996,1.01,0.974,0.998,3113.22,3088.73
"2016-01-09",1.02,1.12,0.992,0.996,1772.01,1814.52
"2016-01-10",1.08,1.1,1.01,1.02,8599.5,9089.3
"2016-01-11",1.13,1.26,1.06,1.08,23329.71,26979.84
"2016-01-12",1.14,1.21,1.07,1.21,8238.22,9033.23
"2016-01-13",1.15,1.16,1.1,1.14,1801.38,2077.17
"2016-01-14",1.2,1.33,1.16,1.16,6977.01,8843.4
"2016-01-15",1.22,1.3,1.17,1.2,6771.31,8316.43
"2016-01-16",1.27,1.3,1.21,1.22,1705.38,2182.11
"2016-01-17",1.45,1.55,1.3,1.3,33773.13,49401.01
"2016-01-18",1.27,1.45,1.27,1.45,3029.92,4079.09
"2016-01-19",1.53,1.61,1.27,1.27,5144.5,7820.16
"2016-01-20",1.54,1.6,1.38,1.53,26653.2,39665.92
"2016-01-21",1.52,1.65,1.43,1.54,7469.08,11707.58
"2016-01-22",2.02,2.03,1.42,1.52,27383.64,50820.79
"2016-01-23",2.1,2.3,1.2,2.02,64291.7,130458.32
"2016-01-24",2.49,2.82,2.05,2.1,21840.09,52218.77
"2016-01-25",2.29,2.81,2.28,2.49,44571.09,117334.43
"2016-01-26",2.42,2.75,1.94,2.29,16352.69,39261.18
"2016-01-27",2.52,2.61,2.23,2.42,6391.94,15510.81
"2016-01-28",2.42,2.61,2.27,2.52,27158.41,67707.41
"2016-01-29",2.44,2.6,2.37,2.42,3454.35,8531.53
"2016-01-30",2.21,2.54,2.2,2.44,16658.26,39325.87
"2016-01-31",2.16,2.32,2.01,2.21,12842.99,27808.17
"2016-02-01",2.43,2.45,2.12,2.16,9160.08,20326.35
"2016-02-02",2.44,2.49,2.25,2.43,7322.27,16850.18
"2016-02-03",2.55,2.73,2.43,2.44,13584.97,34328.81
"2016-02-04",2.55,2.58,2.48,2.55,10524.85,26847.76
"2016-02-05",2.53,2.57,2.48,2.55,5812.71,14564.38
"2016-02-06",2.99,3.02,2.51,2.53,17649.92,50607.27
"2016-02-07",3.15,3.24,2.76,2.99,22654.68,68693.75
"2016-02-08",3.75,3.95,3.13,3.15,31113.41,112281
"2016-02-09",4.35,4.96,3.54,3.75,100147.95,420132.78
"2016-02-10",6.35,6.35,3.59,4.35,47314.21,236810.16
"2016-02-11",5.38,6.5,4.89,6.35,57717.76,328702.17
"2016-02-12",5.25,5.76,4.12,5.38,63412.93,309211.07
"2016-02-13",5.18,5.42,4.49,5.25,21713.64,105581.06
"2016-02-14",5.23,5.9,4.59,5.18,29632.21,157021.98
"2016-02-15",4.26,5.44,4.01,5.23,32794.86,149254.7
"2016-02-16",3.84,4.78,3.5,4.26,48725.23,194933.26
"2016-02-17",4.35,4.74,3.32,3.84,39288.63,160004.28
"2016-02-18",4.46,4.76,4.07,4.35,15008.82,67800.36
"2016-02-19",4.37,4.72,4.05,4.46,13675.44,59998.66
"2016-02-20",4.64,4.64,4.01,4.37,22043.53,96960.69
"2016-02-21",5.61,5.81,4.51,4.64,36144.9,184739.31
"2016-02-22",5.66,5.99,5.33,5.61,29377.55,167226.88
"2016-02-23",6.2,6.44,5.5,5.66,34361.9,203972.45
"2016-02-24",5.95,6.5,5.5,6.2,49242.8,303999.23
"2016-02-25",5.97,6.25,5.72,5.95,15761.77,94076.51
"2016-02-26",6.3,6.49,5.79,5.97,30540.51,190116.48
"2016-02-27",6.48,6.54,6.17,6.3,13764.4,88230.74
"2016-02-28",6.36,6.6,6.02,6.48,16461.91,104433.56
"2016-02-29",7.6,7.63,6.26,6.36,61216.63,429220.92
"2016-03-01",8.69,9.84,7.1,7.6,58604.31,467305.9
"2016-03-02",9.35,9.94,8.3,8.69,91792.31,858072.3
"2016-03-03",9.96,9.96,8.28,9.35,96515.14,912336.54
"2016-03-04",10.97,11.99,9.76,9.96,158517.16,1680039.84
"2016-03-05",11.03,11.89,9.76,10.97,77856.57,845824.85
"2016-03-06",9.5,11.49,9.12,11.03,72031.37,720594.53
"2016-03-07",9.87,10.81,8.52,9.5,63227.06,591066.25
"2016-03-08",11.57,11.99,9.6,9.87,51802.1,555778.67
"2016-03-09",11.12,12.07,10.35,11.57,64530.55,739259.78
"2016-03-10",11.26,11.6,10.39,11.12,29652.83,327735.08
"2016-03-11",13.26,13.48,11.05,11.26,130628.58,1657087.22
"2016-03-12",14.99,15.17,12.1,13.26,111168.57,1532042.05
"2016-03-13",12.49,14.99,10.61,14.99,143331.81,1908466.78
"2016-03-14",13.08,13.34,10.51,12.49,90855.14,1117054.02
"2016-03-15",12.91,13.73,12.78,13.08,44788.6,593020.97
"2016-03-16",11.04,12.94,10.29,12.91,125656.68,1420560.68
"2016-03-17",10.72,11.14,8.2,11.04,167818.71,1618825.4
"2016-03-18",10.45,11.15,9.8,10.72,50382.26,530638.86
"2016-03-19",10.07,10.84,9.55,10.45,47097.3,470398.64
"2016-03-20",11.97,11.99,9.98,10.07,69859.77,779034.44
"2016-03-21",11.02,12.15,11.01,11.96,64082.67,739099.05
"2016-03-22",12.31,12.46,11.02,11.02,54850.55,654532.55
"2016-03-23",11.15,12.48,10.81,12.31,64751.63,740324.27
"2016-03-24",10.68,11.36,10.51,11.15,38493.72,415670.87
"2016-03-25",10.99,11.23,10.61,10.88,21141.78,230094.45
"2016-03-26",10.45,11.03,10.12,11,44254.92,465406.13
"2016-03-27",11.6,11.82,10.34,10.46,63000.7,712255.75
"2016-03-28",11.69,11.83,11.28,11.6,40049.62,465889.17
"2016-03-29",11.88,12.12,11.37,11.75,54841.35,645686.09
"2016-03-30",11.41,12.09,11.33,11.88,39287.73,461846.48
"2016-03-31",11.64,11.86,11.33,11.41,19884.33,232297.8
"2016-04-01",11.61,11.67,11.4,11.63,9550.31,110126.13
"2016-04-02",11.65,11.66,11.48,11.61,12478.42,144374.35
"2016-04-03",11.12,11.65,10.97,11.65,31801.62,356483.63
"2016-04-04",10.43,11.15,10.05,11.12,71082.55,751602.27
"2016-04-05",10.78,11.06,10.24,10.39,30880.16,328599.23
"2016-04-06",10.13,10.78,9.79,10.78,37796.84,384517.6
"2016-04-07",9.82,10.33,9.61,10.1,33882.72,333345.44
"2016-04-08",9.15,10.08,9.02,9.74,60913.98,571666.55
"2016-04-09",8.77,9.19,7.42,9.15,167455.71,1409705.12
"2016-04-10",8.71,8.94,8,8.79,57366.43,484490.52
"2016-04-11",7.48,8.71,7.16,8.71,82947.79,642457.34
"2016-04-12",8.07,8.75,6.97,7.53,107035.09,829004.52
"2016-04-13",8.48,8.8,8,8.05,39340.11,330375.78
"2016-04-14",8.26,8.62,8.15,8.47,22342.04,186049.33
"2016-04-15",8.55,8.58,8.16,8.26,34645.86,287438.11
"2016-04-16",9.45,10.01,8.5,8.5,84720.66,772328.75
"2016-04-17",8.87,9.52,8.5,9.45,65358.26,589321.11
"2016-04-18",8.87,9.26,8.59,8.93,50669.28,453942.93
"2016-04-19",8.58,8.9,8.35,8.76,84360.5,732101.84
"2016-04-20",8.13,8.73,8.01,8.58,42491.78,357426.29
"2016-04-21",7.88,8.33,7.72,8.14,51525.56,410584.71
"2016-04-22",8.34,8.7,7.8,7.9,40799.08,332166.39
"2016-04-23",8.03,8.47,7.97,8.41,46185.18,375078.9
"2016-04-24",7.52,8.11,7.31,8.03,74278.7,578887.02
"2016-04-25",7.49,7.57,7.12,7.51,75365.74,553348.67
"2016-04-26",7.78,7.98,7.33,7.49,46814.64,359548.85
"2016-04-27",7.32,7.82,7.26,7.78,38910.59,289267.06
"2016-04-28",7.51,7.71,7.19,7.31,28626.76,214215.92
"2016-04-29",8.87,9.35,7.43,7.51,161231.3,1392560.95
"2016-04-30",8.76,9.03,8.45,8.85,47121.38,408843.62
"2016-05-01",10.02,10.33,8.75,8.76,169298.74,1642032.61
"2016-05-02",9.39,10.12,9.22,10.02,86072.73,822725.69
"2016-05-03",9.4,9.99,9.24,9.36,61024.49,589139.26
"2016-05-04",9.78,9.98,9.34,9.44,59372.45,576348.26
"2016-05-05",9.29,9.93,9.11,9.79,77011.73,733713.13
"2016-05-06",9.32,9.52,9.21,9.3,26977.49,251837.51
"2016-05-07",9.47,9.57,8.94,9.32,53138.24,489833.1
"2016-05-08",9.29,9.6,9.23,9.47,41895.89,395216.47
"2016-05-09",9.36,9.45,9.28,9.3,22243.06,208966.54
"2016-05-10",9.91,9.97,9.37,9.39,77171.41,754000.67
"2016-05-11",10.04,10.5,9.87,9.93,125477.02,1268931.09
"2016-05-12",10.52,11.08,10.05,10.08,95315.96,1013932.8
"2016-05-13",10.16,10.67,9.74,10.55,74571.87,758679.41
"2016-05-14",9.95,10.4,9.94,10.16,40768.82,412954.99
"2016-05-15",11.12,11.43,9.95,9.95,142333.27,1547952.36
"2016-05-16",12.18,12.57,11.06,11.07,231530.73,2762609.03
"2016-05-17",13.21,14.34,12.11,12.14,247095.09,3248367.61
"2016-05-18",14.56,14.58,13.25,13.32,211497.94,2959931.28
"2016-05-19",13.74,14.87,13.42,14.54,224807.64,3220937.4
"2016-05-20",13.97,13.97,13.03,13.76,117279.22,1579397.93
"2016-05-21",14.25,14.37,13.72,13.97,92268.98,1299599.22
"2016-05-22",13.43,14.41,13.37,14.2,124620.43,1734265.52
"2016-05-23",12.67,13.8,11.96,13.43,226305.6,2883820.47
"2016-05-24",12.54,12.95,11.81,12.68,149549.81,1852100.35
"2016-05-25",12.42,12.96,12.11,12.51,104650.67,1307071.2
"2016-05-26",11.09,12.46,10.52,12.44,325422,3692597.03
"2016-05-27",11.71,12.33,10.39,11.11,281879.51,3223254.82
"2016-05-28",12.36,12.73,11.65,11.79,189120.7,2315201.62
"2016-05-29",12.61,12.75,12.28,12.38,86297.83,1078954.33
"2016-05-30",13.93,14.22,12.59,12.61,255528.33,3478091.77
"2016-05-31",13.83,14.25,13.45,13.95,172936.99,2401503.52
"2016-06-01",13.79,14,13.61,13.84,84695.28,1173732.83
"2016-06-02",13.82,14.07,13.28,13.79,125513.09,1708981.93
"2016-06-03",13.74,13.89,13.46,13.81,84253.28,1152564.67
"2016-06-04",13.9,13.92,13.64,13.74,42001.36,579229.21
"2016-06-05",13.99,14.07,13.73,13.9,67806.69,944474.35
"2016-06-06",14.46,14.56,13.88,13.99,129732.7,1845065.14
"2016-06-07",14.46,14.79,14.31,14.45,151655,2212786.9
"2016-06-08",14.46,14.59,14.4,14.46,46170.85,669906.37
"2016-06-09",13.97,14.48,13.74,14.46,126144.41,1779539.29
"2016-06-10",14.09,14.18,13.79,13.97,51779.78,724189.84
"2016-06-11",15.65,15.77,14.07,14.09,299704.61,4466979.92
"2016-06-12",17.6,17.74,15.62,15.7,448362.57,7518643.47
"2016-06-13",18.68,19.25,16.5,17.64,622253.2,11145411.61
"2016-06-14",18.36,18.78,17.57,18.7,219453.84,4013930.26
"2016-06-15",20.75,20.9,18.25,18.36,542291.47,10727226.07
"2016-06-16",15.39,21.5,13.32,20.64,2352815.39,38476742.27
"2016-06-17",11.41,15.66,10.12,15.56,1637319.04,19947118.34
"2016-06-18",12.34,13.26,10.58,11.39,656404.6,7921816.39
"2016-06-19",11.8,12.42,10.54,12.38,601067.32,6921783.8
"2016-06-20",12.81,12.84,11.4,11.8,426115.68,5159744.45
"2016-06-21",13.13,15.76,12.71,12.82,1081674.91,15511721.94
"2016-06-22",13.65,13.83,12.54,13.21,408344.54,5370662.41
"2016-06-23",14.25,14.54,13.18,13.67,347605.86,4844372.75
"2016-06-24",14.3,14.65,13.98,14.27,157101.49,2254579.05
"2016-06-25",13.74,14.35,13.6,14.3,115684.74,1608517.34
"2016-06-26",13.95,14.13,13.71,13.78,88893.76,1238574.42
"2016-06-27",12.04,14.07,11.5,13.99,561018.04,6983862.56
"2016-06-28",12.89,13,11.6,12.19,262665.28,3211259.98
"2016-06-29",12.44,12.78,12.2,12.76,142099.5,1770874.73
"2016-06-30",12.29,12.5,11.71,12.45,177348.89,2146401.39
"2016-07-01",12.08,12.3,11.94,12.3,71845.94,865107.18
"2016-07-02",11.87,12.12,11.59,12.1,107051.13,1268109.48
"2016-07-03",11.38,11.86,10.96,11.82,160931.49,1798685.4
"2016-07-04",10.36,11.44,9.32,11.38,641534.71,6551818.19
"2016-07-05",10.5,11.06,10.23,10.5,194828.32,2064181.16
"2016-07-06",10.03,10.57,9.75,10.52,183646.91,1839081.11
"2016-07-07",11.23,11.59,9.98,10.1,298829.43,3223506.58
"2016-07-08",10.91,11.43,10.64,11.28,218944.63,2406255.09
"2016-07-09",10.93,11,10.77,10.91,49484.21,540222.92
"2016-07-10",10.55,11.01,10.18,10.96,166384.67,1757051.06
"2016-07-11",10.54,10.77,10.44,10.55,95091.6,1009576.54
"2016-07-12",10.46,10.57,10.43,10.55,54002.3,567588.92
"2016-07-13",11.51,11.68,10.44,10.46,257387.07,2856511.39
"2016-07-14",11.98,12.57,11.46,11.57,319333.97,3831958.58
"2016-07-15",11.67,12.02,11.66,11.91,80237.74,948927.3
"2016-07-16",11.24,11.71,11.01,11.66,231417.99,2634390.66
"2016-07-17",11.03,11.67,10.97,11.23,197937.14,2254164.91
"2016-07-18",11.71,12.11,11.02,11.03,313352.54,3626223.38
"2016-07-19",12.52,12.97,11.54,11.71,753288.34,9240066.34
"2016-07-20",12.6,12.77,12.02,12.5,328657.7,4094516.28
"2016-07-21",14.79,14.98,12.59,12.6,940259.66,13029572.86
"2016-07-22",14.31,14.95,14.04,14.75,443145,6427474.09
"2016-07-23",12.66,14.42,12.23,14.32,912356.52,12085801.58
"2016-07-24",13.78,13.78,12.63,12.65,427562.76,5700451.91
"2016-07-25",12.09,13.86,11.88,13.82,885174.58,11130692.73
"2016-07-26",13.07,13.21,11.8,12.04,360306.71,4561823.12
"2016-07-27",12.86,13.05,12.52,13.05,242791.81,3100145.19
"2016-07-28",12.87,12.9,12.58,12.87,144579.62,1842087.45
"2016-07-29",12.52,12.88,12.52,12.88,103900.55,1318893.49
"2016-07-30",11.89,12.56,11.5,12.55,274973.52,3295606.01
"2016-07-31",11.08,12.04,10.89,11.86,309152.76,3529948.55
"2016-08-01",8.3,11.19,7.49,11.05,992186.56,9589426.51
"2016-08-02",10.38,10.53,8.17,8.29,511815.07,4913724.25
"2016-08-03",11.21,11.43,10.29,10.38,275065.65,3025177.03
"2016-08-04",11.04,11.26,10.75,11.21,102454.76,1130889.29
"2016-08-05",10.94,11.1,10.34,11.04,97397.02,1045378.62
"2016-08-06",10.99,11.15,10.8,10.94,125937.27,1379647.3
"2016-08-07",11.29,11.41,10.86,10.99,205605,2262952.92
"2016-08-08",12.25,12.47,11.17,11.29,343966.72,4075986.66
"2016-08-09",12.19,12.59,11.98,12.25,396817.05,4839425.31
"2016-08-10",11.66,12.21,11.62,12.19,266712.74,3164061.13
"2016-08-11",11.74,12.01,11.63,11.66,175243.2,2067986.6
"2016-08-12",11.56,11.77,11.46,11.74,105044.2,1222438.31
"2016-08-13",11.18,11.69,11.06,11.56,144835.05,1643026.96
"2016-08-14",11.15,11.3,10.96,11.18,124631.27,1387827.03
"2016-08-15",11.14,11.25,10.96,11.15,114079.75,1269358.87
"2016-08-16",10.75,11.17,10.69,11.14,233935.27,2543404.22
"2016-08-17",10.73,10.98,10.72,10.74,132254.91,1437307.32
"2016-08-18",10.71,10.8,10.68,10.73,91729.1,983461.96
"2016-08-19",11.27,11.3,10.7,10.7,144709.2,1597674.84
"2016-08-20",11.14,11.3,10.97,11.28,49451.18,548797.45
"2016-08-21",11.09,11.35,11.06,11.14,107558.66,1206562.06
"2016-08-22",11,11.22,10.89,11.09,101919.73,1125150.89
"2016-08-23",11,11.16,10.99,11,67727.09,748289.82
"2016-08-24",11.36,11.36,10.99,11,109981.19,1230073.9
"2016-08-25",11.26,11.43,11.19,11.36,75462.9,853088.32
"2016-08-26",11.19,11.27,11.17,11.27,43089.49,483409.9
"2016-08-27",10.97,11.19,10.95,11.19,73171.22,808863.46
"2016-08-28",10.95,11.13,10.79,10.97,101403.24,1112181.66
"2016-08-29",11.23,11.28,10.94,10.95,87488.61,976983.09
"2016-08-30",11.59,11.59,11.17,11.23,112836.61,1290386.43
"2016-08-31",12.21,12.57,11.56,11.57,255721.43,3113367.63
"2016-09-01",12.09,12.32,11.91,12.21,145317.57,1753829.03
"2016-09-02",11.91,12.4,11.59,12.09,130523.9,1550413.24
"2016-09-03",11.72,11.91,11.56,11.9,79303.69,930998.81
"2016-09-04",11.8,11.85,11.62,11.71,43243.99,507749.2
"2016-09-05",11.72,11.82,11.49,11.8,68886.51,801164.28
"2016-09-06",11.6,11.8,11.54,11.72,61321.07,715407.17
"2016-09-07",11.41,11.76,11.32,11.6,103141.63,1183173.73
"2016-09-08",11.7,11.79,11.34,11.41,119726.88,1396969.69
"2016-09-09",12.08,12.1,11.55,11.7,86398.75,1019378.19
"2016-09-10",11.65,12.23,11.6,12.08,105648.68,1255120.67
"2016-09-11",11.93,12,11.62,11.65,70805.51,835423.6
"2016-09-12",11.98,12.34,11.86,11.93,256527.05,3118280.2
"2016-09-13",11.93,12.15,11.9,11.98,99245.08,1190684.33
"2016-09-14",11.99,12.3,11.9,11.93,136235.92,1646625.17
"2016-09-15",12.64,12.78,11.93,12,186132.59,2307426.11
"2016-09-16",12.82,12.83,12.48,12.64,69289.43,878338.68
"2016-09-17",12.33,13.03,12.3,12.82,238074.03,2999438.44
"2016-09-18",12.92,13.08,12.33,12.33,130531.36,1674748.19
"2016-09-19",14.62,14.78,12.92,12.92,340522.18,4691152.23
"2016-09-20",13.73,14.65,13.18,14.62,272445.69,3797946.68
"2016-09-21",13.13,13.83,12.44,13.73,233845.82,3040218.36
"2016-09-22",13.35,13.47,13.12,13.13,75782.98,1012007.5
"2016-09-23",12.9,13.37,12.79,13.35,78825.26,1028166.76
"2016-09-24",13.05,13.11,12.8,12.89,43508.17,565078.93
"2016-09-25",12.93,13.15,12.79,13.05,59561.59,770494.28
"2016-09-26",13.08,13.25,12.85,12.89,83289.5,1089728.26
"2016-09-27",13.3,13.51,13.06,13.08,85135.13,1133986.67
"2016-09-28",13.14,13.35,13.1,13.29,67431.3,888911.88
"2016-09-29",13.26,13.36,13.07,13.15,67313.35,890371.98
"2016-09-30",13.23,13.3,13.08,13.25,63713.23,839318.69
"2016-10-01",13.22,13.3,13.15,13.23,47993.5,633954.42
"2016-10-02",13.45,13.5,13.21,13.22,69354.93,924801.89
"2016-10-03",13.31,13.51,13.23,13.46,97770.95,1311375.29
"2016-10-04",13.09,13.41,13.09,13.31,81440.95,1078886.58
"2016-10-05",12.86,13.16,12.67,13.09,112807.77,1456490.9
"2016-10-06",12.68,13.03,12.55,12.86,103611.64,1316780.58
"2016-10-07",12.25,12.73,12.06,12.68,123519.52,1519711.94
"2016-10-08",12.05,12.43,11.98,12.25,109657.54,1339761.83
"2016-10-09",11.74,12.13,11.61,12.05,169261.13,2011035.31
"2016-10-10",11.76,12.24,11.73,11.74,113528.38,1358585.55
"2016-10-11",11.74,12.07,11.7,11.76,115761.87,1372690.53
"2016-10-12",12.03,12.09,11.74,11.74,101773.9,1215186.73
"2016-10-13",11.9,12.05,11.86,12.03,65231.02,779337.58
"2016-10-14",11.97,11.98,11.78,11.9,51857.85,615825.77
"2016-10-15",11.94,12.04,11.9,11.97,35546.88,425261.01
"2016-10-16",11.98,12,11.85,11.94,77340.59,922019.29
"2016-10-17",12.52,12.91,11.95,11.98,167171.46,2091626.67
"2016-10-18",11.98,12.59,11.9,12.52,115774.57,1414516.87
"2016-10-19",12.06,12.26,11.98,11.98,73210.21,886527.21
"2016-10-20",12.07,12.15,12.01,12.06,36330.69,438477.86
"2016-10-21",12.1,12.14,11.96,12.07,47827.14,577367.55
"2016-10-22",11.98,12.12,11.91,12.1,42492.53,510391.55
"2016-10-23",11.94,12.04,11.91,11.98,56564.06,677776.66
"2016-10-24",11.37,11.95,11.1,11.94,194122.56,2234793.53
"2016-10-25",11.5,11.67,11.33,11.37,78666.41,907225.46
"2016-10-26",11.47,11.55,11.24,11.5,103994.41,1190315
"2016-10-27",11.11,11.61,10.95,11.47,155183.1,1746808.74
"2016-10-28",10.38,11.21,9.52,11.11,307038.09,3198895.41
"2016-10-29",11.24,11.44,10.31,10.38,112480.37,1222257.95
"2016-10-30",10.93,11.56,10.92,11.24,133235.04,1490346.2
"2016-10-31",10.77,11.14,10.36,10.93,198671.57,2126702.14
"2016-11-01",10.83,11.18,10.71,10.77,121656.73,1332451.48
"2016-11-02",10.86,11.1,10.77,10.83,144895.67,1586268.42
"2016-11-03",11.15,11.16,10.83,10.86,80543.75,884720.42
"2016-11-04",11.13,11.19,10.99,11.15,41629.59,462074.98
"2016-11-05",10.96,11.16,10.92,11.13,44171.72,486554.62
"2016-11-06",10.9,10.99,10.85,10.96,71614.21,784995.56
"2016-11-07",10.87,11.01,10.79,10.9,91757.13,999784.54
"2016-11-08",10.66,10.87,10.26,10.87,188903.63,1990109.96
"2016-11-09",10.52,10.67,10.46,10.66,42053.14,444820.52
"2016-11-10",10.29,10.61,10.2,10.52,74637.57,776121.35
"2016-11-11",9.98,10.32,9.7,10.29,115622,1156589.15
"2016-11-12",10.12,10.38,9.68,9.98,80929.21,814823.11
"2016-11-13",10,10.17,9.93,10.12,56489.78,566771.26
"2016-11-14",10.23,10.32,9.83,10,79341.67,801547.89
"2016-11-15",10.01,10.37,9.91,10.23,123842.99,1260850.37
"2016-11-16",9.96,10.17,9.87,10.01,110695.29,1110783.43
"2016-11-17",9.53,9.98,9.44,9.96,123954.51,1195056.11
"2016-11-18",9.68,9.77,9.45,9.52,69242.87,667460.43
"2016-11-19",9.58,9.73,9.52,9.68,51126.31,491016.65
"2016-11-20",9.56,9.64,9.48,9.59,46934.33,448242.86
"2016-11-21",9.83,10.23,9.51,9.56,124744.45,1234215.3
"2016-11-22",9.75,9.91,9.73,9.82,46489,456083.05
"2016-11-23",9.2,9.8,8.7,9.77,202467.93,1864091.45
"2016-11-24",9.41,9.71,9.18,9.2,76255.47,716453.81
"2016-11-25",9.32,9.5,9.26,9.39,31452.56,293636.11
"2016-11-26",8.87,9.33,8.68,9.32,151046.17,1351954.04
"2016-11-27",8.68,9.02,8.61,8.88,102015.75,891299.78
"2016-11-28",8.18,8.71,7.81,8.67,265591.2,2164166.64
"2016-11-29",8.6,8.71,8.09,8.17,162757.65,1375770.69
"2016-11-30",8.46,8.65,8.31,8.61,99020.99,836908.01
"2016-12-01",7.71,8.45,7.3,8.45,394941.32,3056411.43
"2016-12-02",7.89,8.1,7.6,7.68,188506.15,1486758.03
"2016-12-03",7.54,7.92,7.43,7.89,94795.64,725319.77
"2016-12-04",6.67,7.57,6.56,7.54,306627.19,2168692.98
"2016-12-05",7.71,7.85,5.89,6.69,610489.74,4153665.77
"2016-12-06",8.35,8.58,7.26,7.72,212502.01,1705006.43
"2016-12-07",8.3,8.86,8.23,8.35,211586.47,1801754.58
"2016-12-08",8.5,8.64,8,8.28,147030,1227262.66
"2016-12-09",8.09,8.56,8.01,8.52,105237.48,870611.72
"2016-12-10",8.2,8.23,8.08,8.09,52384.85,427090.51
"2016-12-11",8.45,8.59,8.13,8.2,124150.36,1038795.52
"2016-12-12",8.41,8.53,8.32,8.46,70148.75,590124.65
"2016-12-13",8.22,8.47,8.2,8.39,69077.62,574943.58
"2016-12-14",7.77,8.25,7.68,8.22,209412.46,1667707.57
"2016-12-15",7.87,7.92,7.77,7.77,69814.67,546789.94
"2016-12-16",7.67,7.88,7.51,7.85,116377.14,888506.32
"2016-12-17",7.88,7.92,7.66,7.67,78045.91,612598.75
"2016-12-18",7.61,7.89,7.57,7.88,72345.8,560708.45
"2016-12-19",7.59,7.75,7.55,7.61,69934.81,533452.29
"2016-12-20",7.87,7.95,7.59,7.59,111990.58,873253.08
"2016-12-21",7.65,7.89,7.48,7.87,180143.17,1374775.1
"2016-12-22",7.15,7.64,7.09,7.63,227591.01,1669461.53
"2016-12-23",7.23,7.38,7.06,7.15,79870.8,579353.37
"2016-12-24",7.19,7.3,7.13,7.23,58425.06,420596.48
"2016-12-25",7.24,7.3,7.01,7.19,76523.45,550538.08
"2016-12-26",7.15,7.32,7.05,7.21,90853.74,653162.77
"2016-12-27",7.63,7.7,7.07,7.15,234096.48,1721226.73
"2016-12-28",8.24,8.5,7.55,7.56,433382.7,3529191.96
"2016-12-29",8.17,8.44,8.01,8.23,162002.36,1336472.21
"2016-12-30",8.04,8.21,7.97,8.16,137657.03,1107579.87
"2016-12-31",8.15,8.53,8.01,8.05,163716.53,1356070.54
"2017-01-01",8.33,8.47,8.07,8.16,155826.43,1285441.55
"2017-01-02",9.68,9.89,8.24,8.33,565784.31,5239017.95
"2017-01-03",10.91,10.91,9.38,9.65,652859.55,6841613.44
"2017-01-04",10.19,11.58,9.2,10.92,857889.64,8985234.11
"2017-01-05",10.07,10.39,9.46,10.18,353734.9,3534617.15
"2017-01-06",9.8,10.1,9.55,10.07,186867.42,1834348.02
"2017-01-07",10.29,10.4,9.72,9.8,193258.99,1952149.9
"2017-01-08",10.23,10.73,10.08,10.29,222063.32,2319105.87
"2017-01-09",10.56,10.67,10.21,10.23,153412.55,1612361.44
"2017-01-10",9.81,10.74,9.47,10.56,346285.82,3452653.44
"2017-01-11",9.8,10.08,9.18,9.81,246040.22,2357925.71
"2017-01-12",9.76,9.81,9.45,9.8,125640.61,1213274.36
"2017-01-13",9.77,9.88,9.53,9.76,63228.83,615680.46
"2017-01-14",9.85,9.93,9.67,9.77,49292.73,485148.77
"2017-01-15",9.59,10.01,9.56,9.85,88121.51,858879.58
"2017-01-16",10.15,10.52,9.54,9.59,281412.31,2851681.72
"2017-01-17",10.19,10.45,9.87,10.15,198423.99,2021187.98
"2017-01-18",10.41,10.46,10.14,10.19,112089.6,1159384.35
"2017-01-19",10.59,10.74,10.36,10.41,156201.77,1651244.37
"2017-01-20",10.93,10.99,10.57,10.59,161473.67,1741871.1
"2017-01-21",10.69,10.99,10.58,10.93,134772.18,1452860.57
"2017-01-22",10.77,10.88,10.63,10.69,96446.39,1038518.96
"2017-01-23",10.51,10.8,10.5,10.77,127239.8,1351109.14
"2017-01-24",10.5,10.6,10.42,10.51,83567.69,878330.46
"2017-01-25",10.65,10.65,10.47,10.5,90490.32,955090.53
"2017-01-26",10.5,10.65,10.42,10.65,97719.32,1026776.1
"2017-01-27",10.53,10.57,10.41,10.5,72585.95,760466.56
"2017-01-28",10.47,10.55,10.41,10.53,40541.74,425405.05
"2017-01-29",10.55,10.7,10.39,10.47,129447.18,1370480.17
"2017-01-30",10.7,10.73,10.49,10.55,192750.69,2048901.49
"2017-01-31",10.71,10.77,10.5,10.7,222157.07,2380485.67
"2017-02-01",10.79,10.89,10.56,10.71,254168.36,2743705.16
"2017-02-02",10.94,10.95,10.6,10.79,239579.86,2602086.52
"2017-02-03",11.32,11.38,10.93,10.94,229177.64,2567928.18
"2017-02-04",11.21,11.37,11.11,11.32,80751.41,906492.71
"2017-02-05",11.32,11.37,11.16,11.21,86780.18,978848.74
"2017-02-06",11.44,11.51,11.27,11.32,130853.63,1493861.86
"2017-02-07",11.39,11.58,11.1,11.44,165724.05,1879283.54
"2017-02-08",10.93,11.49,10.54,11.39,304437.31,3322424.5
"2017-02-09",11.32,11.39,10.83,10.93,176832.11,1962920.01
"2017-02-10",11.41,11.43,11.24,11.32,103042.25,1169431.1
"2017-02-11",11.4,11.45,11.31,11.41,61315.6,697530.17
"2017-02-12",11.39,11.49,11.19,11.4,92653.93,1047466.27
"2017-02-13",12.99,13.49,11.35,11.39,704350.31,8750077.81
"2017-02-14",12.96,13.36,12.65,12.99,315313.93,4065822.58
"2017-02-15",12.95,12.96,12.6,12.96,2035574.49,26180559.97
"2017-02-16",12.73,12.95,12.7,12.95,157506.48,2015561.82
"2017-02-17",12.83,12.9,12.73,12.73,99263.51,1271340.18
"2017-02-18",12.83,12.9,12.76,12.83,80018.16,1028745.05
"2017-02-19",12.49,12.9,12.47,12.83,155329.84,1983297.07
"2017-02-20",12.79,12.84,12.26,12.49,216835.35,2738967.2
"2017-02-21",12.71,12.88,12.62,12.79,135434.5,1724672.16
"2017-02-22",13.16,13.3,12.65,12.71,221792.24,2871810.31
"2017-02-23",13.13,13.26,12.77,13.16,265647.13,3475475.28
"2017-02-24",13.56,13.77,13.02,13.13,245935.5,3312371.26
"2017-02-25",14.59,14.62,13.38,13.56,328864.62,4627951.3
"2017-02-26",15.53,15.93,14.34,14.59,552380.97,8268844.53
"2017-02-27",15.88,16.4,15.21,15.53,1252190.8,19836672.21
"2017-02-28",17.54,17.6,15.66,15.88,845144,13736240.73
"2017-03-01",19.06,19.44,16.96,17.54,1092425.9,20006642.8
"2017-03-02",19.47,20.63,18.07,19.06,1228980.37,24163276.52
"2017-03-03",18.57,20.1,18.57,19.47,384083.69,7419380.28
"2017-03-04",19.26,19.38,18.19,18.57,307870.38,5783692.29
"2017-03-05",19.67,20.16,19.1,19.26,516908.48,10250583.77
"2017-03-06",18.91,19.72,18.55,19.67,582140.02,11151088.84
"2017-03-07",16.53,18.91,16.52,18.91,744631.77,13180636.65
"2017-03-08",17.71,18.05,16.15,16.53,533057.44,9129253.66
"2017-03-09",19.18,19.6,16.88,17.71,1366476.28,25228269.66
"2017-03-10",21.4,21.51,18.84,19.18,809326.15,16313782.19
"2017-03-11",23.27,23.28,21.19,21.4,811505.78,18164606.56
"2017-03-12",28.43,30.88,23.26,23.27,2261678.12,62462118.19
"2017-03-13",28.63,29.88,27.14,28.43,728253.68,20699567.96
"2017-03-14",35.04,35.1,28.37,28.63,1313292.96,41570641.06
"2017-03-15",45.29,46.3,35.04,35.04,2729552.66,110456372.91
"2017-03-16",44.54,52.17,35.27,45.29,2815952.22,126509799.47
"2017-03-17",34.03,44.99,30.91,44.54,2114239.75,78441214.2
"2017-03-18",43.16,45.4,33.92,34.03,1657432.08,66224931.21
"2017-03-19",42.3,45.21,40.8,43.16,830642.53,35969992.57
"2017-03-20",42.59,43.6,41.74,42.3,484842.91,20740038.39
"2017-03-21",41.55,42.84,38.77,42.59,608517.16,24728978.32
"2017-03-22",43.18,44.21,40.52,41.55,564050.55,23933916.12
"2017-03-23",53.5,55.17,42.64,43.18,1529360.7,73871641.63
"2017-03-24",50.74,53.92,47.8,53.5,1088569.92,55048596.74
"2017-03-25",50.51,51.58,48.54,50.74,464405.44,23193595.87
"2017-03-26",49,51.63,48.36,50.51,486836.86,24322428.23
"2017-03-27",50.21,50.39,48.5,49,455820.84,22583156.65
"2017-03-28",52.98,53.9,50.05,50.21,736357.85,38494113.97
"2017-03-29",51.77,53.24,51.38,52.98,410943.07,21495266.75
"2017-03-30",49.86,51.8,47.04,51.77,755216.97,37296725.16
"2017-03-31",50.56,51.77,48.71,49.86,324754.31,16331050.33
"2017-04-01",48.53,50.97,47.9,50.56,595210.11,29351318.77
"2017-04-02",44.16,48.54,42.71,48.53,984885.65,44887892.43
"2017-04-03",44.44,45.8,41.35,44.16,709277.34,30860714.63
"2017-04-04",45.1,47.21,44.2,44.44,471608.56,21721167.08
"2017-04-05",43.22,45.9,41.11,45.1,550267.03,24005795.28
"2017-04-06",42.3,44.54,41.7,43.22,295146.01,12661982.5
"2017-04-07",44.45,45.67,42.23,42.3,283797,12655567.92
"2017-04-08",43.87,44.72,43.04,44.45,182513.3,7989579.2
"2017-04-09",43.92,44.59,42.78,43.87,212691.84,9261306.75
"2017-04-10",43.95,44.51,43.64,43.92,147172.99,6483569.47
"2017-04-11",46.4,45.27,43.53,43.95,191167.85,8449324.18
