trade id,product,side,created at,size,size unit,price,fee,total,price/fee/total unit
16722982,BTC-USD,BUY,2017-06-13T22:31:07.887Z,0.39678916,BTC,2725.16,0,-1081.3139472656,USD
16723264,BTC-USD,SELL,2017-06-13T22:53:45.108Z,0.01000000,BTC,2708.99,0.06772475,27.02217525,USD
16723265,BTC-USD,SELL,2017-06-13T22:53:45.108Z,0.38678916,BTC,2708.98,2.619510246642,1045.184588410158,USD
16724598,BTC-USD,BUY,2017-06-13T23:42:58.407Z,0.39528245,BTC,2712.51,0,-1072.2075984495,USD
16725027,BTC-USD,SELL,2017-06-14T00:01:17.096Z,0.39528245,BTC,2708.13,0,1070.4762613185,USD
16726675,BTC-USD,BUY,2017-06-14T00:56:17.027Z,0.39186651,BTC,2731.75,0,-1070.4813386925,USD
16727769,BTC-USD,SELL,2017-06-14T01:40:17.925Z,0.39186651,BTC,2776.42,0,1087.9860156942,USD
16728721,BTC-USD,BUY,2017-06-14T02:09:02.052Z,0.39112973,BTC,2781.65,0,-1087.9860134545,USD
16729942,BTC-USD,SELL,2017-06-14T03:06:02.855Z,0.39112973,BTC,2777.96,0,1086.5427447508,USD
16730120,BTC-USD,BUY,2017-06-14T03:16:24.871Z,0.39002898,BTC,2785.80,0,-1086.542732484,USD
16730492,BTC-USD,SELL,2017-06-14T03:22:45.598Z,0.39002898,BTC,2773.84,0,1081.8779858832,USD
16732564,BTC-USD,BUY,2017-06-14T04:55:38.297Z,0.39128159,BTC,2764.96,0,-1081.8779450864,USD
16733027,BTC-USD,SELL,2017-06-14T05:26:53.554Z,0.39128159,BTC,2771.96,0,1084.6169162164,USD
16733056,BTC-USD,BUY,2017-06-14T05:29:56.438Z,0.39097274,BTC,2774.15,0,-1084.617026671,USD
16733891,BTC-USD,SELL,2017-06-14T06:03:13.642Z,0.39097274,BTC,2804.23,0,1096.3774866902,USD
16734397,BTC-USD,BUY,2017-06-14T06:14:03.038Z,0.38816001,BTC,2824.55,0,-1096.3773562455,USD
16734750,BTC-USD,SELL,2017-06-14T06:26:13.389Z,0.35634159,BTC,2801.34,0,998.2339497306,USD
16734751,BTC-USD,SELL,2017-06-14T06:26:14.990Z,0.03181842,BTC,2801.34,0,89.1342126828,USD
16737113,BTC-USD,BUY,2017-06-14T08:26:25.954Z,0.39055242,BTC,2784.18,0,-1087.3682367156,USD
16737324,BTC-USD,SELL,2017-06-14T08:44:14.759Z,0.39055242,BTC,2770.87,0,1082.1699840054,USD
16738583,BTC-USD,BUY,2017-06-14T10:41:23.202Z,0.28850000,BTC,2780.69,0,-802.229065,USD
16738606,BTC-USD,BUY,2017-06-14T10:43:52.956Z,0.10066586,BTC,2780.89,0,-279.9406834154,USD
16739026,BTC-USD,SELL,2017-06-14T11:22:56.874Z,0.38916586,BTC,2776.83,0,1080.6474350238,USD
16751194,BTC-USD,BUY,2017-06-14T14:53:36.131Z,0.41152319,BTC,2625.97,0,-1080.6475512443,USD
16753005,BTC-USD,SELL,2017-06-14T15:35:09.135Z,0.01000000,BTC,2625.38,0,26.2538,USD
16753031,BTC-USD,SELL,2017-06-14T15:35:24.290Z,0.26021818,BTC,2625.11,0,683.1013464998,USD
16753032,BTC-USD,SELL,2017-06-14T15:35:24.299Z,0.14130501,BTC,2625.11,0,370.9411948011,USD
16760016,BTC-USD,BUY,2017-06-14T17:39:47.691Z,0.36085427,BTC,2556.85,0,-922.6502402495,USD
16761941,BTC-USD,SELL,2017-06-14T18:26:11.052Z,0.31867929,BTC,2580.91,2.05620641588475,820.42635993801525,USD
16761942,BTC-USD,SELL,2017-06-14T18:26:11.052Z,0.04217498,BTC,2580.02,0.272030729749,108.540261169851,USD
16762456,BTC-USD,BUY,2017-06-14T18:39:35.906Z,0.41925027,BTC,2591.80,0,-1086.612849786,USD
16762911,BTC-USD,SELL,2017-06-14T18:52:00.831Z,0.41925027,BTC,2574.48,0,1079.3514351096,USD
16763335,BTC-USD,BUY,2017-06-14T19:05:05.878Z,0.12289925,BTC,2589.91,0,-318.2979965675,USD
16763342,BTC-USD,BUY,2017-06-14T19:05:39.900Z,0.25000000,BTC,2589.91,0,-647.4775,USD
16763343,BTC-USD,BUY,2017-06-14T19:05:40.415Z,0.04385324,BTC,2589.91,0,-113.5759448084,USD
16763572,BTC-USD,SELL,2017-06-14T19:14:37.044Z,0.41670000,BTC,2572.89,0,1072.123263,USD
16766975,BTC-USD,BUY,2017-06-14T20:45:13.162Z,0.30000000,BTC,2546.60,0,-763.98,USD
16766980,BTC-USD,BUY,2017-06-14T20:45:31.724Z,0.12100180,BTC,2546.60,0,-308.14318388,USD
16768670,BTC-USD,SELL,2017-06-14T21:34:40.503Z,0.42105429,BTC,2514.19,0,1058.6104853751,USD
16777336,BTC-USD,BUY,2017-06-14T23:06:14.552Z,0.04499759,BTC,2429.78,0,-109.3342442302,USD
16778015,BTC-USD,SELL,2017-06-14T23:18:16.391Z,0.04400000,BTC,2428.17,0,106.83948,USD
16781024,BTC-USD,BUY,2017-06-15T00:34:57.111Z,0.43407252,BTC,2433.04,0,-1056.1158040608,USD
16781235,BTC-USD,SELL,2017-06-15T00:39:37.407Z,0.00233423,BTC,2423.00,0,5.65583929,USD
16781261,BTC-USD,SELL,2017-06-15T00:41:05.021Z,0.12536826,BTC,2421.09,0,303.5278406034,USD
16781267,BTC-USD,SELL,2017-06-15T00:41:10.126Z,0.09091233,BTC,2421.09,0,220.1069330397,USD
16781268,BTC-USD,SELL,2017-06-15T00:41:15.993Z,0.03000000,BTC,2421.09,0,72.6327,USD
16781269,BTC-USD,SELL,2017-06-15T00:41:29.143Z,0.05006225,BTC,2421.09,0,121.2052128525,USD
16781272,BTC-USD,SELL,2017-06-15T00:41:39.554Z,0.13639304,BTC,2421.09,0,330.2198252136,USD
16781539,BTC-USD,BUY,2017-06-15T00:48:30.632Z,0.14288792,BTC,2446.98,0,-349.6438824816,USD
16781591,BTC-USD,BUY,2017-06-15T00:49:44.124Z,0.28735648,BTC,2448.89,0,-703.7044103072,USD
16783766,BTC-USD,SELL,2017-06-15T01:28:57.062Z,0.43024440,BTC,2517.28,0,1083.045623232,USD
16785780,BTC-USD,BUY,2017-06-15T02:12:40.734Z,0.19666175,BTC,2513.14,0,-494.238510395,USD
16785782,BTC-USD,BUY,2017-06-15T02:12:45.573Z,0.23429141,BTC,2513.14,0,-588.8071141274,USD
16786258,BTC-USD,SELL,2017-06-15T02:27:54.284Z,0.43095316,BTC,2498.76,0,1076.8485180816,USD
16797579,BTC-USD,BUY,2017-06-15T06:48:03.087Z,0.40000000,BTC,2336.99,0,-934.796,USD
16798016,BTC-USD,BUY,2017-06-15T06:54:22.609Z,0.06059565,BTC,2344.27,0,-142.0525644255,USD
16798628,BTC-USD,SELL,2017-06-15T07:02:08.788Z,0.46059565,BTC,2370.70,0,1091.934107455,USD
16799272,BTC-USD,BUY,2017-06-15T07:11:49.770Z,0.45655337,BTC,2391.69,0,-1091.9341294953,USD
16803582,BTC-USD,SELL,2017-06-15T08:32:34.276Z,0.10221045,BTC,2431.82,0,248.557416519,USD
16803583,BTC-USD,SELL,2017-06-15T08:32:37.775Z,0.35434292,BTC,2431.82,0,861.6981997144,USD
16804083,BTC-USD,BUY,2017-06-15T08:55:17.729Z,0.40461170,BTC,2469.26,0,-999.091486342,USD
16804087,BTC-USD,BUY,2017-06-15T08:55:45.206Z,0.04501921,BTC,2469.26,0,-111.1641344846,USD
16805071,BTC-USD,SELL,2017-06-15T09:35:24.833Z,0.23096353,BTC,2458.80,0,567.893127564,USD
16805072,BTC-USD,SELL,2017-06-15T09:35:30.569Z,0.12216940,BTC,2458.80,0,300.39012072,USD
16805073,BTC-USD,SELL,2017-06-15T09:35:30.581Z,0.02783060,BTC,2458.80,0,68.42987928,USD
16805088,BTC-USD,SELL,2017-06-15T09:35:56.806Z,0.01000000,BTC,2458.31,0,24.5831,USD
16805233,BTC-USD,SELL,2017-06-15T09:42:54.159Z,0.05866738,BTC,2446.69,0,143.5408919722,USD
16813447,BTC-USD,BUY,2017-06-15T12:07:00.055Z,0.48086992,BTC,2297.58,0,-1104.8371107936,USD
16818057,BTC-USD,SELL,2017-06-15T13:18:30.738Z,0.04000000,BTC,2196.90,0.21969,87.65631,USD
16818058,BTC-USD,SELL,2017-06-15T13:18:30.738Z,0.44086992,BTC,2196.00,2.4203758608,965.7299684592,USD
16825902,BTC-USD,BUY,2017-06-15T14:49:33.412Z,0.06862000,BTC,2234.44,0,-153.3272728,USD
16826559,BTC-USD,BUY,2017-06-15T14:54:08.929Z,0.39572427,BTC,2274.46,0,-900.0590231442,USD
16827795,BTC-USD,SELL,2017-06-15T15:10:47.247Z,0.03193476,BTC,2202.45,0,70.334712162,USD
16827796,BTC-USD,SELL,2017-06-15T15:10:47.271Z,0.10290638,BTC,2202.45,0,226.646156631,USD
16827797,BTC-USD,SELL,2017-06-15T15:10:47.514Z,0.32950313,BTC,2202.45,0,725.7141686685,USD
16830857,BTC-USD,BUY,2017-06-15T16:00:12.686Z,0.46149249,BTC,2216.06,0,-1022.6950473894,USD
16836992,BTC-USD,SELL,2017-06-15T17:09:25.772Z,0.46149249,BTC,2277.35,0,1050.9799221015,USD
16837856,BTC-USD,BUY,2017-06-15T17:23:00.319Z,0.45111081,BTC,2329.76,0,-1050.9799207056,USD
16838698,BTC-USD,SELL,2017-06-15T17:33:10.276Z,0.45111081,BTC,2297.18,0,1036.2827305158,USD
16843330,BTC-USD,BUY,2017-06-15T18:49:23.963Z,0.03729856,BTC,2264.30,0,-84.455129408,USD
16843526,BTC-USD,BUY,2017-06-15T18:53:18.024Z,0.41749195,BTC,2279.87,0,-951.8273720465,USD
16844583,BTC-USD,SELL,2017-06-15T19:14:37.961Z,0.45479051,BTC,2250.65,0,1023.5742613315,USD
16845179,BTC-USD,BUY,2017-06-15T19:25:30.850Z,0.44814001,BTC,2284.05,0,-1023.5741898405,USD
16847536,BTC-USD,SELL,2017-06-15T20:16:27.025Z,0.44814001,BTC,2294.63,0,1028.3155111463,USD
16848144,BTC-USD,BUY,2017-06-15T20:33:29.755Z,0.43996808,BTC,2337.25,0,-1028.31539498,USD
16850199,BTC-USD,SELL,2017-06-15T21:03:30.531Z,0.43996808,BTC,2331.41,0,1025.7459813928,USD
16850742,BTC-USD,BUY,2017-06-15T21:13:33.896Z,0.43448532,BTC,2360.83,0,-1025.7459780156,USD
16853158,BTC-USD,SELL,2017-06-15T22:02:37.762Z,0.43448532,BTC,2368.41,0,1029.0393767412,USD
16854926,BTC-USD,BUY,2017-06-15T22:40:47.305Z,0.06760000,BTC,2393.26,0,-161.784376,USD
16854950,BTC-USD,BUY,2017-06-15T22:41:49.386Z,0.36183564,BTC,2396.82,0,-867.2548986648,USD
16857762,BTC-USD,SELL,2017-06-15T23:30:28.170Z,0.42943564,BTC,2400.61,0,1030.9074917404,USD
16863889,BTC-USD,BUY,2017-06-16T01:20:29.456Z,0.43015790,BTC,2396.58,0,-1030.907819982,USD
16864707,BTC-USD,SELL,2017-06-16T01:30:19.623Z,0.43015790,BTC,2359.93,0,1015.142532947,USD
16869450,BTC-USD,BUY,2017-06-16T02:51:10.079Z,0.08710853,BTC,2331.58,0,-203.1005063774,USD
16869535,BTC-USD,BUY,2017-06-16T02:54:30.346Z,0.01290400,BTC,2335.71,0,-30.14000184,USD
16869608,BTC-USD,BUY,2017-06-16T02:58:07.904Z,0.33353883,BTC,2344.26,0,-781.9017376158,USD
16872811,BTC-USD,SELL,2017-06-16T04:51:15.591Z,0.07990000,BTC,2399.86,0,191.748814,USD
16872910,BTC-USD,SELL,2017-06-16T04:55:45.136Z,0.35365136,BTC,2395.51,0,847.1753693936,USD
16873343,BTC-USD,BUY,2017-06-16T05:09:15.040Z,0.42815926,BTC,2426.49,0,-1038.9241627974,USD
16874510,BTC-USD,SELL,2017-06-16T05:59:03.117Z,0.35948430,BTC,2420.09,0,869.984359587,USD
16874511,BTC-USD,SELL,2017-06-16T05:59:04.770Z,0.02000000,BTC,2420.09,0,48.4018,USD
16874515,BTC-USD,SELL,2017-06-16T05:59:12.387Z,0.04867496,BTC,2420.09,0,117.7977839464,USD
16874975,BTC-USD,BUY,2017-06-16T06:11:16.815Z,0.42643420,BTC,2429.88,0,-1036.183933896,USD
16879141,BTC-USD,SELL,2017-06-16T07:41:37.507Z,0.02672081,BTC,2451.96,0,65.5183572876,USD
16879142,BTC-USD,SELL,2017-06-16T07:41:37.538Z,0.02672081,BTC,2451.96,0,65.5183572876,USD
16879144,BTC-USD,SELL,2017-06-16T07:41:44.012Z,0.09104287,BTC,2451.96,0,223.2334755252,USD
16879145,BTC-USD,SELL,2017-06-16T07:41:49.640Z,0.28194971,BTC,2451.96,0,691.3294109316,USD
16880397,BTC-USD,BUY,2017-06-16T08:03:11.676Z,0.09460000,BTC,2459.66,0,-232.683836,USD
16880453,BTC-USD,BUY,2017-06-16T08:04:58.316Z,0.09000000,BTC,2460.06,0,-221.4054,USD
16880458,BTC-USD,BUY,2017-06-16T08:05:15.857Z,0.24044549,BTC,2460.06,0,-591.5103321294,USD
16882294,BTC-USD,SELL,2017-06-16T08:39:25.654Z,0.09420000,BTC,2459.77,0,231.710334,USD
16882295,BTC-USD,SELL,2017-06-16T08:39:37.575Z,0.04766836,BTC,2459.77,0,117.2532018772,USD
16882296,BTC-USD,SELL,2017-06-16T08:39:37.588Z,0.04766836,BTC,2459.77,0,117.2532018772,USD
16882297,BTC-USD,SELL,2017-06-16T08:39:38.832Z,0.01203522,BTC,2459.77,0,29.6038730994,USD
16882298,BTC-USD,SELL,2017-06-16T08:39:50.602Z,0.03884447,BTC,2459.77,0,95.5484619719,USD
16882301,BTC-USD,SELL,2017-06-16T08:40:13.032Z,0.03000000,BTC,2459.77,0,73.7931,USD
16882302,BTC-USD,SELL,2017-06-16T08:40:13.116Z,0.03000000,BTC,2459.77,0,73.7931,USD
16882303,BTC-USD,SELL,2017-06-16T08:40:15.782Z,0.01418592,BTC,2459.77,0,34.8941004384,USD
16882304,BTC-USD,SELL,2017-06-16T08:40:18.599Z,0.07294700,BTC,2459.77,0,179.43284219,USD
16882305,BTC-USD,SELL,2017-06-16T08:40:25.792Z,0.03749616,BTC,2459.77,0,92.2319294832,USD
16883550,BTC-USD,BUY,2017-06-16T09:12:17.099Z,0.42234484,BTC,2475.50,0,-1045.51465142,USD
16886681,BTC-USD,SELL,2017-06-16T09:51:53.079Z,0.02000000,BTC,2477.19,0,49.5438,USD
16886682,BTC-USD,SELL,2017-06-16T09:51:53.248Z,0.19154592,BTC,2477.19,0,474.4956375648,USD
16886683,BTC-USD,SELL,2017-06-16T09:52:02.125Z,0.10000000,BTC,2476.74,0,247.674,USD
16886685,BTC-USD,SELL,2017-06-16T09:52:12.148Z,0.11079892,BTC,2476.74,0,274.4201171208,USD
16887847,BTC-USD,BUY,2017-06-16T10:02:49.789Z,0.42013564,BTC,2489.99,0,-1046.1335422436,USD
16889827,BTC-USD,SELL,2017-06-16T11:05:10.986Z,0.11688621,BTC,2500.74,0,292.3020207954,USD
16889830,BTC-USD,SELL,2017-06-16T11:05:13.499Z,0.30140839,BTC,2500.74,0,753.7440172086,USD
16889831,BTC-USD,SELL,2017-06-16T11:05:14.194Z,0.00184104,BTC,2500.74,0,4.6039623696,USD
16899353,BTC-USD,BUY,2017-06-16T14:05:24.400Z,0.42987535,BTC,2444.08,0,-1050.649745428,USD
16900750,BTC-USD,SELL,2017-06-16T14:33:11.916Z,0.04033268,BTC,2424.79,0,97.7982791372,USD
16900751,BTC-USD,SELL,2017-06-16T14:33:12.217Z,0.19982341,BTC,2424.79,0,484.5298063339,USD
16900752,BTC-USD,SELL,2017-06-16T14:33:12.228Z,0.18971926,BTC,2424.79,0,460.0293644554,USD
16901474,BTC-USD,BUY,2017-06-16T14:48:22.168Z,0.42585179,BTC,2447.70,0,-1042.357426383,USD
16903377,BTC-USD,SELL,2017-06-16T15:26:16.132Z,0.42585179,BTC,2438.91,0,1038.6141891489,USD
16904964,BTC-USD,BUY,2017-06-16T16:05:53.008Z,0.42521019,BTC,2442.59,0,-1038.6141579921,USD
16906948,BTC-USD,SELL,2017-06-16T16:47:56.066Z,0.06950000,BTC,2480.62,0.431007725,171.972082275,USD
16906949,BTC-USD,SELL,2017-06-16T16:47:56.066Z,0.01000000,BTC,2480.61,0.06201525,24.74408475,USD
16906950,BTC-USD,SELL,2017-06-16T16:47:56.066Z,0.00202561,BTC,2480.42,0.0125609088905,5.0118026473095,USD
16906951,BTC-USD,SELL,2017-06-16T16:47:56.066Z,0.01000000,BTC,2480.37,0.06200925,24.74169075,USD
16906952,BTC-USD,SELL,2017-06-16T16:47:56.066Z,0.01000000,BTC,2480.34,0.0620085,24.7413915,USD
16906953,BTC-USD,SELL,2017-06-16T16:47:56.066Z,0.01000000,BTC,2480.34,0.0620085,24.7413915,USD
16906954,BTC-USD,SELL,2017-06-16T16:47:56.066Z,0.01000000,BTC,2480.32,0.062008,24.741192,USD
16906955,BTC-USD,SELL,2017-06-16T16:47:56.066Z,0.01000000,BTC,2480.32,0.062008,24.741192,USD
16906956,BTC-USD,SELL,2017-06-16T16:47:56.066Z,0.01007324,BTC,2480.30,0.06246164293,24.92219552907,USD
16906957,BTC-USD,SELL,2017-06-16T16:47:56.066Z,0.01000000,BTC,2480.25,0.06200625,24.74049375,USD
16906958,BTC-USD,SELL,2017-06-16T16:47:56.066Z,0.01000000,BTC,2480.23,0.06200575,24.74029425,USD
16906959,BTC-USD,SELL,2017-06-16T16:47:56.066Z,0.01000000,BTC,2480.19,0.06200475,24.73989525,USD
16906960,BTC-USD,SELL,2017-06-16T16:47:56.066Z,0.01000000,BTC,2480.19,0.06200475,24.73989525,USD
16906961,BTC-USD,SELL,2017-06-16T16:47:56.066Z,0.01000000,BTC,2480.14,0.0620035,24.7393965,USD
16906962,BTC-USD,SELL,2017-06-16T16:47:56.066Z,0.01000000,BTC,2480.11,0.06200275,24.73909725,USD
16906963,BTC-USD,SELL,2017-06-16T16:47:56.066Z,0.01000000,BTC,2480.11,0.06200275,24.73909725,USD
16906964,BTC-USD,SELL,2017-06-16T16:47:56.066Z,0.01000000,BTC,2480.09,0.06200225,24.73889775,USD
16906965,BTC-USD,SELL,2017-06-16T16:47:56.066Z,0.01000000,BTC,2480.07,0.06200175,24.73869825,USD
16906966,BTC-USD,SELL,2017-06-16T16:47:56.066Z,0.19361134,BTC,2480.01,1.2003951482835,478.9576641651165,USD
16912127,BTC-USD,BUY,2017-06-16T19:33:38.628Z,0.42499406,BTC,2475.26,0,-1051.9707969556,USD
16913996,BTC-USD,SELL,2017-06-16T20:19:00.155Z,0.42499406,BTC,2477.42,0,1052.8887841252,USD
16915343,BTC-USD,BUY,2017-06-16T20:46:03.940Z,0.42268733,BTC,2490.94,0,-1052.8887777902,USD
16915594,BTC-USD,SELL,2017-06-16T20:54:51.275Z,0.01479232,BTC,2480.73,0,36.6957519936,USD
16915597,BTC-USD,SELL,2017-06-16T20:54:51.682Z,0.24629425,BTC,2480.73,0,610.9895348025,USD
16915599,BTC-USD,SELL,2017-06-16T20:54:52.181Z,0.16160076,BTC,2480.73,0,400.8878533548,USD
16920278,BTC-USD,BUY,2017-06-16T22:48:28.802Z,0.24335689,BTC,2458.96,0,-598.4048582344,USD
16920282,BTC-USD,BUY,2017-06-16T22:48:38.757Z,0.08932145,BTC,2458.96,0,-219.637872692,USD
16920283,BTC-USD,BUY,2017-06-16T22:48:47.607Z,0.01108246,BTC,2458.96,0,-27.2513258416,USD
16920291,BTC-USD,BUY,2017-06-16T22:49:09.445Z,0.08266871,BTC,2458.96,0,-203.2790511416,USD
16922264,BTC-USD,SELL,2017-06-17T00:01:22.221Z,0.42642951,BTC,2468.36,0,1052.5815453036,USD
16934620,BTC-USD,BUY,2017-06-17T02:40:49.861Z,0.43089847,BTC,2442.76,0,-1052.5815465772,USD
16939265,BTC-USD,SELL,2017-06-17T04:02:35.597Z,0.43089847,BTC,2466.11,2.65660756462925,1059.98641828707075,USD
16940647,BTC-USD,BUY,2017-06-17T04:21:38.550Z,0.41182300,BTC,2493.03,0,-1026.68709369,USD
16941510,BTC-USD,BUY,2017-06-17T04:45:23.735Z,0.01335150,BTC,2494.05,0,-33.299308575,USD
16942693,BTC-USD,SELL,2017-06-17T05:15:57.070Z,0.31140000,BTC,2484.88,0,773.791632,USD
16942694,BTC-USD,SELL,2017-06-17T05:16:00.092Z,0.11377450,BTC,2484.88,0,282.71597956,USD
16944271,BTC-USD,BUY,2017-06-17T05:55:50.514Z,0.42371146,BTC,2493.46,0,-1056.5075770516,USD
16944543,BTC-USD,SELL,2017-06-17T06:01:33.912Z,0.36005307,BTC,2487.09,0,895.4843898663,USD
16944544,BTC-USD,SELL,2017-06-17T06:01:40.415Z,0.06365839,BTC,2487.09,0,158.3241451851,USD
16945099,BTC-USD,BUY,2017-06-17T06:17:04.577Z,0.40310054,BTC,2497.70,0,-1006.824218758,USD
16945116,BTC-USD,BUY,2017-06-17T06:18:16.003Z,0.01880423,BTC,2498.60,0,-46.984249078,USD
16945462,BTC-USD,SELL,2017-06-17T06:23:07.864Z,0.42190477,BTC,2493.00,0,1051.80859161,USD
16949593,BTC-USD,BUY,2017-06-17T07:44:00.780Z,0.02941097,BTC,2507.43,0,-73.7459485071,USD
16949595,BTC-USD,BUY,2017-06-17T07:44:06.258Z,0.10716953,BTC,2507.43,0,-268.7200946079,USD
16949598,BTC-USD,BUY,2017-06-17T07:44:10.722Z,0.28289632,BTC,2507.43,0,-709.3427196576,USD
16949941,BTC-USD,SELL,2017-06-17T07:49:37.774Z,0.23700000,BTC,2500.66,0,592.65642,USD
16949942,BTC-USD,SELL,2017-06-17T07:49:38.172Z,0.18247682,BTC,2500.66,0,456.3124847012,USD
16951245,BTC-USD,BUY,2017-06-17T08:15:56.766Z,0.41813573,BTC,2508.68,0,-1048.9687431364,USD
16952899,BTC-USD,SELL,2017-06-17T08:49:13.505Z,0.30640000,BTC,2505.30,0,767.62392,USD
16952904,BTC-USD,SELL,2017-06-17T08:49:39.460Z,0.11173573,BTC,2505.30,0,279.931524369,USD
16954522,BTC-USD,BUY,2017-06-17T09:31:56.929Z,0.41333296,BTC,2534.41,0,-1047.5551871536,USD
16959370,BTC-USD,SELL,2017-06-17T12:19:30.645Z,0.41333296,BTC,2556.10,0,1056.520379056,USD
16962471,BTC-USD,BUY,2017-06-17T13:15:33.373Z,0.31465033,BTC,2553.89,0,-803.5823312837,USD
16962472,BTC-USD,BUY,2017-06-17T13:15:33.381Z,0.09904029,BTC,2553.89,0,-252.9380062281,USD
16963094,BTC-USD,SELL,2017-06-17T13:33:10.493Z,0.41369062,BTC,2549.57,0,1054.7331940334,USD
16968187,BTC-USD,BUY,2017-06-17T14:49:53.966Z,0.26618167,BTC,2545.43,0,-677.5468082681,USD
16968347,BTC-USD,BUY,2017-06-17T14:50:54.846Z,0.14798586,BTC,2548.80,0,-377.186359968,USD
16979966,BTC-USD,SELL,2017-06-17T16:12:03.699Z,0.33502633,BTC,2565.15,0,859.3927903995,USD
16979983,BTC-USD,SELL,2017-06-17T16:12:23.629Z,0.07914120,BTC,2565.15,0,203.00904918,USD
16980818,BTC-USD,BUY,2017-06-17T16:22:45.529Z,0.41084729,BTC,2585.88,0,-1062.4017902652,USD
16996419,BTC-USD,SELL,2017-06-17T19:29:40.775Z,0.05217878,BTC,2650.01,0,138.2742887878,USD
16996420,BTC-USD,SELL,2017-06-17T19:29:47.673Z,0.35866851,BTC,2650.01,0,950.4751381851,USD
17001050,BTC-USD,BUY,2017-06-17T20:03:03.613Z,0.40949671,BTC,2658.75,0,-1088.7493777125,USD
17002047,BTC-USD,SELL,2017-06-17T20:08:21.365Z,0.40949671,BTC,2654.09,0,1086.8411230439,USD
17007899,BTC-USD,BUY,2017-06-17T21:21:49.847Z,0.41090090,BTC,2645.02,0,-1086.841098518,USD
17014359,BTC-USD,SELL,2017-06-17T23:17:36.674Z,0.41090090,BTC,2664.70,0,1094.92762823,USD
17023716,BTC-USD,BUY,2017-06-18T01:05:46.173Z,0.10000000,BTC,2638.37,0,-263.837,USD
17023728,BTC-USD,BUY,2017-06-18T01:06:07.437Z,0.25774739,BTC,2638.37,0,-680.0329813543,USD
17023729,BTC-USD,BUY,2017-06-18T01:06:09.519Z,0.05725414,BTC,2638.37,0,-151.0576053518,USD
17029707,BTC-USD,SELL,2017-06-18T03:17:29.850Z,0.41500153,BTC,2660.23,0,1103.9995201519,USD
17031416,BTC-USD,BUY,2017-06-18T03:56:05.866Z,0.41461655,BTC,2662.70,0,-1103.999487685,USD
17031830,BTC-USD,SELL,2017-06-18T04:00:44.765Z,0.41461655,BTC,2657.99,0,1102.0466437345,USD
17035698,BTC-USD,BUY,2017-06-18T05:16:18.415Z,0.40630678,BTC,2647.20,0,-1075.575308016,USD
17037844,BTC-USD,SELL,2017-06-18T05:49:07.045Z,0.34933806,BTC,2638.59,0,921.7599117354,USD
17037928,BTC-USD,SELL,2017-06-18T05:51:39.166Z,0.05690000,BTC,2631.85,0,149.752265,USD
17037954,BTC-USD,SELL,2017-06-18T05:52:21.976Z,0.00006872,BTC,2631.85,0,0.180860732,USD
17044304,BTC-USD,BUY,2017-06-18T08:33:56.923Z,0.15983512,BTC,2542.11,0,-406.3184569032,USD
17044305,BTC-USD,BUY,2017-06-18T08:33:56.928Z,0.18895478,BTC,2542.11,0,-480.3438357858,USD
17044382,BTC-USD,BUY,2017-06-18T08:36:35.025Z,0.07330550,BTC,2538.88,0,-186.11386784,USD
17046011,BTC-USD,SELL,2017-06-18T09:58:22.381Z,0.11560000,BTC,2551.52,0,294.955712,USD
17046012,BTC-USD,SELL,2017-06-18T09:58:25.029Z,0.05000000,BTC,2551.52,0,127.576,USD
17046013,BTC-USD,SELL,2017-06-18T09:58:49.208Z,0.06888104,BTC,2551.52,0,175.7513511808,USD
17046014,BTC-USD,SELL,2017-06-18T09:58:53.216Z,0.18761436,BTC,2551.52,0,478.7017918272,USD
17046325,BTC-USD,BUY,2017-06-18T10:19:41.928Z,0.06920269,BTC,2569.29,0,-177.8017793901,USD
17046328,BTC-USD,BUY,2017-06-18T10:20:49.065Z,0.18540000,BTC,2569.29,0,-476.346366,USD
17046333,BTC-USD,BUY,2017-06-18T10:21:55.512Z,0.16445492,BTC,2569.29,0,-422.5323814068,USD
17047321,BTC-USD,SELL,2017-06-18T11:14:06.460Z,0.03204881,BTC,2570.07,0,82.3676851167,USD
17047350,BTC-USD,SELL,2017-06-18T11:16:54.269Z,0.04618964,BTC,2559.42,0,118.2186884088,USD
17047351,BTC-USD,SELL,2017-06-18T11:16:55.995Z,0.34081916,BTC,2559.42,0,872.2993744872,USD
17048052,BTC-USD,BUY,2017-06-18T12:01:51.464Z,0.41634106,BTC,2576.76,0,-1072.8109897656,USD
17049269,BTC-USD,SELL,2017-06-18T12:53:52.898Z,0.27607675,BTC,2583.68,0,713.29397744,USD
17049270,BTC-USD,SELL,2017-06-18T12:53:53.583Z,0.08033988,BTC,2583.68,0,207.5725411584,USD
17049271,BTC-USD,SELL,2017-06-18T12:53:54.755Z,0.05992443,BTC,2583.68,0,154.8255513024,USD
17055402,BTC-USD,BUY,2017-06-18T14:58:00.522Z,0.42522537,BTC,2530.78,0,-1076.1518618886,USD
17060347,BTC-USD,SELL,2017-06-18T16:35:21.161Z,0.11540383,BTC,2550.16,0,294.2982311128,USD
17060348,BTC-USD,SELL,2017-06-18T16:35:21.176Z,0.30982154,BTC,2550.16,0,790.0944984464,USD
17061307,BTC-USD,BUY,2017-06-18T17:11:17.575Z,0.01993840,BTC,2564.60,0,-51.13402064,USD
17061310,BTC-USD,BUY,2017-06-18T17:12:07.052Z,0.19140000,BTC,2564.60,0,-490.86444,USD
17061311,BTC-USD,BUY,2017-06-18T17:12:26.140Z,0.21136084,BTC,2564.60,0,-542.056010264,USD
17061474,BTC-USD,SELL,2017-06-18T17:22:33.081Z,0.42269924,BTC,2554.35,0,1079.721803694,USD
17061940,BTC-USD,BUY,2017-06-18T17:48:48.815Z,0.42187708,BTC,2559.45,0,-1079.773292406,USD
17062351,BTC-USD,SELL,2017-06-18T18:01:54.562Z,0.42187708,BTC,2550.32,0,1075.9215546656,USD
17065359,BTC-USD,BUY,2017-06-18T19:09:13.994Z,0.40967304,BTC,2536.53,0,-1039.1479561512,USD
17065364,BTC-USD,BUY,2017-06-18T19:09:34.984Z,0.00760500,BTC,2536.53,0,-19.29031065,USD
17065365,BTC-USD,BUY,2017-06-18T19:10:01.805Z,0.00698295,BTC,2536.53,0,-17.7124621635,USD
17065625,BTC-USD,SELL,2017-06-18T19:15:24.144Z,0.03000000,BTC,2521.15,0,75.6345,USD
17065639,BTC-USD,SELL,2017-06-18T19:16:22.974Z,0.39426099,BTC,2520.61,0,993.7781940039,USD
17076551,BTC-USD,BUY,2017-06-18T21:13:31.658Z,0.43112453,BTC,2481.79,0,-1069.9605473087,USD
17078537,BTC-USD,SELL,2017-06-18T21:47:40.889Z,0.42960571,BTC,2481.27,0,1065.9677600517,USD
17078538,BTC-USD,SELL,2017-06-18T21:47:40.982Z,0.00151782,BTC,2481.27,0,3.7661212314,USD
17081576,BTC-USD,BUY,2017-06-18T22:32:36.456Z,0.43038019,BTC,2485.47,0,-1069.6970508393,USD
17083975,BTC-USD,SELL,2017-06-18T23:19:14.173Z,0.21573709,BTC,2492.86,0,537.8023621774,USD
17083976,BTC-USD,SELL,2017-06-18T23:19:35.210Z,0.21464310,BTC,2492.86,0,535.075198266,USD
17084783,BTC-USD,BUY,2017-06-18T23:37:04.871Z,0.42793324,BTC,2506.62,0,-1072.6660180488,USD
17089642,BTC-USD,SELL,2017-06-19T00:45:26.998Z,0.42793324,BTC,2514.36,0,1075.9782213264,USD
17091207,BTC-USD,BUY,2017-06-19T01:20:35.681Z,0.42376722,BTC,2538.33,0,-1075.6610475426,USD
17091405,BTC-USD,SELL,2017-06-19T01:29:23.964Z,0.04000000,BTC,2524.25,0,100.97,USD
17091407,BTC-USD,SELL,2017-06-19T01:29:33.078Z,0.22708626,BTC,2524.25,0,573.222491805,USD
17091408,BTC-USD,SELL,2017-06-19T01:29:34.274Z,0.15668096,BTC,2524.25,0,395.50191328,USD
17094423,BTC-USD,BUY,2017-06-19T02:13:40.277Z,0.01862178,BTC,2523.15,0,-46.985544207,USD
17094424,BTC-USD,BUY,2017-06-19T02:13:40.282Z,0.22097833,BTC,2523.15,0,-557.5614733395,USD
17094425,BTC-USD,BUY,2017-06-19T02:13:40.391Z,0.17256555,BTC,2523.15,0,-435.4087674825,USD
17094426,BTC-USD,BUY,2017-06-19T02:13:40.410Z,0.01184646,BTC,2523.15,0,-29.890395549,USD
17098942,BTC-USD,SELL,2017-06-19T03:17:25.304Z,0.24676039,BTC,2562.00,0,632.20011918,USD
17099002,BTC-USD,SELL,2017-06-19T03:17:43.838Z,0.17725273,BTC,2562.00,0,454.12149426,USD
17099220,BTC-USD,BUY,2017-06-19T03:18:57.955Z,0.42000000,BTC,2560.00,0,-1075.2,USD
17099325,BTC-USD,SELL,2017-06-19T03:19:31.441Z,0.07969495,BTC,2561.00,0,204.09876695,USD
17099350,BTC-USD,SELL,2017-06-19T03:19:41.652Z,0.33642009,BTC,2561.00,0,861.57185049,USD
17099351,BTC-USD,SELL,2017-06-19T03:19:42.000Z,0.00388496,BTC,2561.00,0,9.94938256,USD
17099446,BTC-USD,BUY,2017-06-19T03:20:10.960Z,0.42000000,BTC,2564.44,0,-1077.0648,USD
17099685,BTC-USD,SELL,2017-06-19T03:22:01.858Z,0.34100000,BTC,2560.50,0,873.1305,USD
17099689,BTC-USD,SELL,2017-06-19T03:22:05.455Z,0.07900000,BTC,2560.50,0,202.2795,USD
17100998,BTC-USD,BUY,2017-06-19T03:36:43.792Z,0.42280008,BTC,2565.43,0,-1084.6640092344,USD
17101070,BTC-USD,SELL,2017-06-19T03:37:31.556Z,0.42280008,BTC,2563.42,0,1083.8141810736,USD
17101837,BTC-USD,BUY,2017-06-19T04:06:23.532Z,0.42338959,BTC,2559.98,0,-1083.8688826082,USD
17101970,BTC-USD,SELL,2017-06-19T04:15:01.647Z,0.02254265,BTC,2557.85,0,57.6607173025,USD
17101973,BTC-USD,SELL,2017-06-19T04:15:02.517Z,0.40084594,BTC,2557.85,0,1025.303787629,USD
17102293,BTC-USD,BUY,2017-06-19T04:21:06.512Z,0.42333084,BTC,2558.24,0,-1082.9818881216,USD
17102352,BTC-USD,SELL,2017-06-19T04:23:02.727Z,0.42333084,BTC,2555.75,0,1081.92779433,USD
17102442,BTC-USD,BUY,2017-06-19T04:26:26.608Z,0.01374843,BTC,2561.49,0,-35.2164659607,USD
17102452,BTC-USD,BUY,2017-06-19T04:26:53.482Z,0.40898416,BTC,2559.27,0,-1046.7008911632,USD
17102613,BTC-USD,SELL,2017-06-19T04:37:06.101Z,0.42273259,BTC,2555.25,0,1080.1874505975,USD
17102789,BTC-USD,BUY,2017-06-19T04:49:29.445Z,0.42128154,BTC,2563.94,0,-1080.1405916676,USD
17102945,BTC-USD,SELL,2017-06-19T04:58:29.152Z,0.02120707,BTC,2560.57,0,54.3021872299,USD
17102949,BTC-USD,SELL,2017-06-19T04:58:42.322Z,0.05150597,BTC,2560.57,0,131.8846416029,USD
17102950,BTC-USD,SELL,2017-06-19T04:58:43.998Z,0.05140286,BTC,2560.57,0,131.6206212302,USD
17102951,BTC-USD,SELL,2017-06-19T04:58:59.861Z,0.09647211,BTC,2560.57,0,247.0235907027,USD
17102952,BTC-USD,SELL,2017-06-19T04:59:02.062Z,0.20005811,BTC,2560.57,0,512.2627947227,USD
17102953,BTC-USD,SELL,2017-06-19T04:59:05.725Z,0.00063542,BTC,2560.57,0,1.6270373894,USD
17103008,BTC-USD,BUY,2017-06-19T05:08:34.859Z,0.42071099,BTC,2564.04,0,-1078.7198067996,USD
17103269,BTC-USD,SELL,2017-06-19T05:29:09.794Z,0.21515832,BTC,2568.29,0,552.5889616728,USD
17103270,BTC-USD,SELL,2017-06-19T05:29:31.598Z,0.10000000,BTC,2568.29,0,256.829,USD
17103272,BTC-USD,SELL,2017-06-19T05:29:37.980Z,0.10555267,BTC,2568.29,0,271.0898668343,USD
17103573,BTC-USD,BUY,2017-06-19T05:48:07.470Z,0.12312796,BTC,2566.49,0,-316.0066780604,USD
17103856,BTC-USD,BUY,2017-06-19T05:58:31.156Z,0.12154039,BTC,2570.31,0,-312.3964798209,USD
17103865,BTC-USD,BUY,2017-06-19T05:58:39.729Z,0.17581631,BTC,2571.06,0,-452.0342819886,USD
17104061,BTC-USD,SELL,2017-06-19T06:02:25.922Z,0.34260000,BTC,2565.45,0,878.92317,USD
17104066,BTC-USD,SELL,2017-06-19T06:02:45.597Z,0.07788466,BTC,2565.45,0,199.809200997,USD
17104409,BTC-USD,BUY,2017-06-19T06:13:19.219Z,0.00128349,BTC,2568.40,0,-3.296515716,USD
17104410,BTC-USD,BUY,2017-06-19T06:13:19.251Z,0.15957144,BTC,2568.40,0,-409.843286496,USD
17104439,BTC-USD,BUY,2017-06-19T06:13:49.061Z,0.25900523,BTC,2569.85,0,-665.6045903155,USD
17104838,BTC-USD,SELL,2017-06-19T06:22:33.477Z,0.41986016,BTC,2567.78,0,1078.1085216448,USD
17104851,BTC-USD,BUY,2017-06-19T06:22:42.582Z,0.20956258,BTC,2570.69,0,-538.7204287802,USD
17105006,BTC-USD,SELL,2017-06-19T06:28:37.062Z,0.03440000,BTC,2561.05,0,88.10012,USD
17105008,BTC-USD,SELL,2017-06-19T06:28:55.180Z,0.07308411,BTC,2561.05,0,187.1720599155,USD
17105011,BTC-USD,SELL,2017-06-19T06:29:22.031Z,0.10207847,BTC,2561.05,0,261.4280655935,USD
17106212,BTC-USD,BUY,2017-06-19T06:55:49.467Z,0.41789857,BTC,2574.88,0,-1076.0386699216,USD
17106319,BTC-USD,SELL,2017-06-19T07:00:00.370Z,0.41789857,BTC,2570.05,0,1074.0202198285,USD
17106393,BTC-USD,BUY,2017-06-19T07:02:54.039Z,0.41702842,BTC,2575.40,0,-1074.014992868,USD
17106670,BTC-USD,SELL,2017-06-19T07:15:58.105Z,0.19663875,BTC,2573.66,0,506.081285325,USD
17106672,BTC-USD,SELL,2017-06-19T07:15:58.380Z,0.22038967,BTC,2573.66,0,567.2080780922,USD
17108499,BTC-USD,BUY,2017-06-19T08:51:22.947Z,0.41902223,BTC,2561.74,0,-1073.4260074802,USD
17108701,BTC-USD,SELL,2017-06-19T09:11:01.127Z,0.15780925,BTC,2551.65,0,402.6739727625,USD
17108704,BTC-USD,SELL,2017-06-19T09:11:32.432Z,0.26121298,BTC,2551.65,0,666.524100417,USD
17110137,BTC-USD,BUY,2017-06-19T10:05:38.773Z,0.04754460,BTC,2522.90,0,-119.95027134,USD
17110139,BTC-USD,BUY,2017-06-19T10:05:40.317Z,0.27080474,BTC,2522.90,0,-683.213278546,USD
17110140,BTC-USD,BUY,2017-06-19T10:05:50.366Z,0.10560185,BTC,2522.90,0,-266.422907365,USD
17110522,BTC-USD,SELL,2017-06-19T10:26:47.478Z,0.42395119,BTC,2522.41,0,1069.3787211679,USD
17110859,BTC-USD,BUY,2017-06-19T10:39:48.572Z,0.01000000,BTC,2531.74,0,-25.3174,USD
17111032,BTC-USD,BUY,2017-06-19T10:55:10.594Z,0.41141673,BTC,2537.37,0,-1043.9164682001,USD
17111142,BTC-USD,SELL,2017-06-19T10:59:12.495Z,0.05430000,BTC,2520.70,0,136.87401,USD
17111435,BTC-USD,SELL,2017-06-19T11:11:23.813Z,0.01000000,BTC,2503.69,0,25.0369,USD
17111436,BTC-USD,SELL,2017-06-19T11:11:26.023Z,0.08761973,BTC,2503.69,0,219.3726418037,USD
17111439,BTC-USD,SELL,2017-06-19T11:11:43.943Z,0.01000000,BTC,2503.69,0,25.0369,USD
17111440,BTC-USD,SELL,2017-06-19T11:11:50.937Z,0.13670000,BTC,2503.69,0,342.254423,USD
17111462,BTC-USD,SELL,2017-06-19T11:12:40.619Z,0.04000000,BTC,2503.69,0,100.1476,USD
17111463,BTC-USD,SELL,2017-06-19T11:12:43.975Z,0.02194774,BTC,2503.69,0,54.9503371606,USD
17111464,BTC-USD,SELL,2017-06-19T11:12:43.981Z,0.02121973,BTC,2503.69,0,53.1276258037,USD
17111465,BTC-USD,SELL,2017-06-19T11:12:43.988Z,0.03962953,BTC,2503.69,0,99.2200579657,USD
17112956,BTC-USD,BUY,2017-06-19T11:31:13.481Z,0.25149807,BTC,2500.76,0,-628.9363135332,USD
17112957,BTC-USD,BUY,2017-06-19T11:31:13.571Z,0.01055323,BTC,2500.76,0,-26.3910954548,USD
17112960,BTC-USD,BUY,2017-06-19T11:31:15.881Z,0.16037499,BTC,2500.76,0,-401.0593599924,USD
17113312,BTC-USD,SELL,2017-06-19T11:38:21.146Z,0.42242629,BTC,2491.11,0,1052.3103552819,USD
17113592,BTC-USD,BUY,2017-06-19T11:44:48.106Z,0.42108754,BTC,2499.07,0,-1052.3272385878,USD
17114189,BTC-USD,SELL,2017-06-19T12:05:18.251Z,0.31992001,BTC,2510.98,0,803.3127467098,USD
17114190,BTC-USD,SELL,2017-06-19T12:05:22.995Z,0.05550000,BTC,2510.98,0,139.35939,USD
17114191,BTC-USD,SELL,2017-06-19T12:05:27.789Z,0.04566753,BTC,2510.98,0,114.6702544794,USD
17115204,BTC-USD,BUY,2017-06-19T12:17:19.299Z,0.41994084,BTC,2517.40,0,-1057.159070616,USD
17116659,BTC-USD,SELL,2017-06-19T12:49:33.549Z,0.41994084,BTC,2533.27,0,1063.8235317468,USD
17118024,BTC-USD,BUY,2017-06-19T13:30:20.846Z,0.12387072,BTC,2539.28,0,-314.5424418816,USD
17118038,BTC-USD,BUY,2017-06-19T13:31:11.226Z,0.18913875,BTC,2539.28,0,-480.2762451,USD
17118040,BTC-USD,BUY,2017-06-19T13:31:25.235Z,0.10585128,BTC,2539.28,0,-268.7860382784,USD
17120178,BTC-USD,SELL,2017-06-19T14:08:55.985Z,0.01968044,BTC,2561.22,0,50.4059365368,USD
17120179,BTC-USD,SELL,2017-06-19T14:08:56.060Z,0.02035181,BTC,2561.22,0,52.1254628082,USD
17120180,BTC-USD,SELL,2017-06-19T14:08:57.631Z,0.37682353,BTC,2561.22,0,965.1279615066,USD
17120181,BTC-USD,SELL,2017-06-19T14:08:57.855Z,0.00200497,BTC,2561.22,0,5.1351692634,USD
17122366,BTC-USD,BUY,2017-06-19T14:38:49.230Z,0.41774464,BTC,2567.39,0,-1072.5134112896,USD
17123657,BTC-USD,SELL,2017-06-19T14:53:35.770Z,0.41774464,BTC,2558.19,0,1068.6701606016,USD
17128527,BTC-USD,BUY,2017-06-19T16:14:13.359Z,0.41831972,BTC,2554.97,0,-1068.7943350084,USD
17135004,BTC-USD,SELL,2017-06-19T18:15:25.477Z,0.03167975,BTC,2582.49,0,81.8126375775,USD
17135005,BTC-USD,SELL,2017-06-19T18:15:25.482Z,0.01832025,BTC,2582.49,0,47.3118624225,USD
17135030,BTC-USD,SELL,2017-06-19T18:15:51.853Z,0.25000000,BTC,2580.33,0,645.0825,USD
17135031,BTC-USD,SELL,2017-06-19T18:15:52.512Z,0.08617100,BTC,2580.33,0,222.34961643,USD
17135032,BTC-USD,SELL,2017-06-19T18:15:53.676Z,0.03214872,BTC,2580.33,0,82.9543066776,USD
17140100,BTC-USD,BUY,2017-06-19T20:09:30.604Z,0.38212591,BTC,2562.65,0,-979.2549632615,USD
17140101,BTC-USD,BUY,2017-06-19T20:09:30.613Z,0.03909203,BTC,2562.65,0,-100.1791906795,USD
17140836,BTC-USD,SELL,2017-06-19T20:19:07.205Z,0.12000000,BTC,2563.15,0,307.578,USD
17140850,BTC-USD,SELL,2017-06-19T20:19:33.954Z,0.03013655,BTC,2563.15,0,77.2444981325,USD
17140851,BTC-USD,SELL,2017-06-19T20:19:34.061Z,0.09043130,BTC,2563.15,0,231.788986595,USD
17140909,BTC-USD,SELL,2017-06-19T20:20:29.071Z,0.18065109,BTC,2562.99,0,463.0069371591,USD
17141229,BTC-USD,BUY,2017-06-19T20:22:17.490Z,0.26643050,BTC,2564.89,0,-683.364925145,USD
17141230,BTC-USD,BUY,2017-06-19T20:22:18.529Z,0.14802805,BTC,2564.89,0,-379.6756651645,USD
17142170,BTC-USD,SELL,2017-06-19T20:35:11.736Z,0.01411056,BTC,2557.98,0,36.0945302688,USD
17142205,BTC-USD,SELL,2017-06-19T20:36:21.272Z,0.40034699,BTC,2557.98,0,1024.0795934802,USD
17142375,BTC-USD,BUY,2017-06-19T20:42:58.915Z,0.29023601,BTC,2567.52,0,-745.1867603952,USD
17142376,BTC-USD,BUY,2017-06-19T20:43:00.184Z,0.12911935,BTC,2567.52,0,-331.516513512,USD
17144853,BTC-USD,SELL,2017-06-19T21:04:28.468Z,0.11500000,BTC,2568.47,0,295.37405,USD
17144854,BTC-USD,SELL,2017-06-19T21:04:28.502Z,0.11600000,BTC,2568.47,0,297.94252,USD
17144855,BTC-USD,SELL,2017-06-19T21:04:31.020Z,0.11700000,BTC,2568.47,0,300.51099,USD
17144856,BTC-USD,SELL,2017-06-19T21:04:36.312Z,0.07135536,BTC,2568.47,0,183.2741014992,USD
17145541,BTC-USD,BUY,2017-06-19T21:18:29.024Z,0.41883908,BTC,2571.54,0,-1077.0614477832,USD
17147456,BTC-USD,SELL,2017-06-19T21:57:11.756Z,0.08500000,BTC,2564.72,0,218.0012,USD
17147458,BTC-USD,SELL,2017-06-19T21:57:30.003Z,0.13428825,BTC,2564.72,0,344.41176054,USD
17147464,BTC-USD,SELL,2017-06-19T21:57:47.123Z,0.19955083,BTC,2564.72,0,511.7920047176,USD
17148007,BTC-USD,BUY,2017-06-19T22:16:59.109Z,0.41700925,BTC,2575.87,0,-1074.1616167975,USD
17148858,BTC-USD,SELL,2017-06-19T22:50:00.292Z,0.00077415,BTC,2577.01,0,1.9949922915,USD
17148916,BTC-USD,SELL,2017-06-19T22:50:51.561Z,0.02000000,BTC,2576.80,0,51.536,USD
17148917,BTC-USD,SELL,2017-06-19T22:50:57.159Z,0.04000000,BTC,2576.80,0,103.072,USD
17148918,BTC-USD,SELL,2017-06-19T22:51:03.198Z,0.00038711,BTC,2576.80,0,0.997505048,USD
17148919,BTC-USD,SELL,2017-06-19T22:51:11.253Z,0.35584799,BTC,2576.80,0,916.949100632,USD
17149570,BTC-USD,BUY,2017-06-19T23:00:58.348Z,0.11591444,BTC,2583.76,0,-299.4950934944,USD
17149585,BTC-USD,BUY,2017-06-19T23:01:19.476Z,0.29994097,BTC,2583.76,0,-774.9754806472,USD
17154751,BTC-USD,SELL,2017-06-20T00:43:26.358Z,0.08731371,BTC,2617.54,0,228.5471284734,USD
17154752,BTC-USD,SELL,2017-06-20T00:43:26.829Z,0.07313579,BTC,2617.54,0,191.4358557566,USD
17154760,BTC-USD,SELL,2017-06-20T00:43:34.106Z,0.11920066,BTC,2617.54,0,312.0124955764,USD
17154766,BTC-USD,SELL,2017-06-20T00:43:36.820Z,0.12406282,BTC,2617.54,0,324.7393938628,USD
17154768,BTC-USD,SELL,2017-06-20T00:43:40.737Z,0.01214243,BTC,2617.54,0,31.7832962222,USD
17158613,BTC-USD,BUY,2017-06-20T01:29:33.202Z,0.04731948,BTC,2609.86,0,-123.4972180728,USD
17158614,BTC-USD,BUY,2017-06-20T01:29:33.579Z,0.36965965,BTC,2609.86,0,-964.759934149,USD
17160608,BTC-USD,SELL,2017-06-20T02:02:27.614Z,0.01341048,BTC,2609.90,0,35.000011752,USD
17160609,BTC-USD,SELL,2017-06-20T02:02:34.043Z,0.40356865,BTC,2609.90,0,1053.273819635,USD
17160749,BTC-USD,BUY,2017-06-20T02:04:13.363Z,0.41546127,BTC,2619.21,0,-1088.1803129967,USD
17161339,BTC-USD,SELL,2017-06-20T02:12:22.070Z,0.03821775,BTC,2610.06,0,99.750620565,USD
17161389,BTC-USD,SELL,2017-06-20T02:15:49.081Z,0.37724352,BTC,2609.31,0,984.3452891712,USD
17164675,BTC-USD,BUY,2017-06-20T03:10:22.895Z,0.19179453,BTC,2603.33,0,-499.3044537849,USD
17164676,BTC-USD,BUY,2017-06-20T03:10:23.875Z,0.13446590,BTC,2603.33,0,-350.059111447,USD
17164677,BTC-USD,BUY,2017-06-20T03:10:31.234Z,0.09022728,BTC,2603.33,0,-234.8913848424,USD
17165904,BTC-USD,SELL,2017-06-20T03:48:38.878Z,0.41648771,BTC,2603.47,0,1084.3132583537,USD
17167109,BTC-USD,BUY,2017-06-20T04:03:55.445Z,0.41731770,BTC,2598.41,0,-1084.362484857,USD
17167906,BTC-USD,SELL,2017-06-20T04:21:39.635Z,0.41731770,BTC,2592.14,0,1081.745902878,USD
17169550,BTC-USD,BUY,2017-06-20T05:13:36.777Z,0.09948334,BTC,2599.25,0,-258.582071495,USD
17169551,BTC-USD,BUY,2017-06-20T05:13:39.858Z,0.02294825,BTC,2599.25,0,-59.6482388125,USD
17169552,BTC-USD,BUY,2017-06-20T05:13:39.863Z,0.06843826,BTC,2599.25,0,-177.888147305,USD
17169553,BTC-USD,BUY,2017-06-20T05:13:39.981Z,0.14257578,BTC,2599.25,0,-370.590096165,USD
17169554,BTC-USD,BUY,2017-06-20T05:13:46.210Z,0.08272729,BTC,2599.25,0,-215.0289085325,USD
17170635,BTC-USD,SELL,2017-06-20T06:03:40.284Z,0.41617292,BTC,2600.04,0,1082.0662389168,USD
17170833,BTC-USD,BUY,2017-06-20T06:13:00.419Z,0.28122117,BTC,2606.44,0,-732.9861063348,USD
17170836,BTC-USD,BUY,2017-06-20T06:13:03.471Z,0.13390226,BTC,2606.44,0,-349.0082065544,USD
17171791,BTC-USD,SELL,2017-06-20T07:05:15.061Z,0.26060000,BTC,2622.11,0,683.321866,USD
17171793,BTC-USD,SELL,2017-06-20T07:05:30.308Z,0.05857510,BTC,2622.11,0,153.590355461,USD
17171794,BTC-USD,SELL,2017-06-20T07:05:30.325Z,0.02142490,BTC,2622.11,0,56.178444539,USD
17171795,BTC-USD,SELL,2017-06-20T07:05:37.591Z,0.02601301,BTC,2622.11,0,68.2089736511,USD
17171796,BTC-USD,SELL,2017-06-20T07:05:37.634Z,0.02204030,BTC,2622.11,0,57.792091033,USD
17171797,BTC-USD,SELL,2017-06-20T07:05:37.652Z,0.02647012,BTC,2622.11,0,69.4075663532,USD
17172123,BTC-USD,BUY,2017-06-20T07:23:53.675Z,0.06402200,BTC,2631.01,0,-168.44252222,USD
17172125,BTC-USD,BUY,2017-06-20T07:23:55.470Z,0.34960378,BTC,2631.01,0,-919.8110412178,USD
17172537,BTC-USD,SELL,2017-06-20T07:34:55.428Z,0.10591782,BTC,2620.84,0,277.5936593688,USD
17172539,BTC-USD,SELL,2017-06-20T07:34:55.594Z,0.24306532,BTC,2620.84,0,637.0353132688,USD
17172540,BTC-USD,SELL,2017-06-20T07:34:55.659Z,0.06464264,BTC,2620.84,0,169.4180166176,USD
17173861,BTC-USD,BUY,2017-06-20T08:27:54.067Z,0.41356119,BTC,2621.48,0,-1084.1423883612,USD
17173904,BTC-USD,SELL,2017-06-20T08:30:13.860Z,0.01680000,BTC,2615.05,0,43.93284,USD
17173905,BTC-USD,SELL,2017-06-20T08:30:14.661Z,0.05390000,BTC,2615.05,0,140.951195,USD
17173930,BTC-USD,SELL,2017-06-20T08:32:36.434Z,0.05045629,BTC,2615.05,0,131.9457211645,USD
17173942,BTC-USD,SELL,2017-06-20T08:33:01.809Z,0.00034470,BTC,2614.84,0,0.901335348,USD
17173948,BTC-USD,SELL,2017-06-20T08:33:30.549Z,0.00131001,BTC,2614.84,0,3.4254665484,USD
17173950,BTC-USD,SELL,2017-06-20T08:33:36.073Z,0.15000000,BTC,2614.84,0,392.226,USD
17173951,BTC-USD,SELL,2017-06-20T08:33:40.098Z,0.01000000,BTC,2614.84,0,26.1484,USD
17173966,BTC-USD,SELL,2017-06-20T08:34:44.631Z,0.09921756,BTC,2614.42,0,259.3963732152,USD
17173967,BTC-USD,SELL,2017-06-20T08:34:46.830Z,0.03153263,BTC,2614.42,0,82.4395385246,USD
17175256,BTC-USD,BUY,2017-06-20T09:18:23.309Z,0.41661646,BTC,2596.20,0,-1081.619653452,USD
17175371,BTC-USD,SELL,2017-06-20T09:21:31.446Z,0.09655256,BTC,2592.97,0,250.3578915032,USD
17175373,BTC-USD,SELL,2017-06-20T09:21:34.515Z,0.06940000,BTC,2592.97,0,179.952118,USD
17175374,BTC-USD,SELL,2017-06-20T09:21:41.034Z,0.03846964,BTC,2592.97,0,99.7506224308,USD
17175375,BTC-USD,SELL,2017-06-20T09:21:42.559Z,0.21219426,BTC,2592.97,0,550.2133503522,USD
17175453,BTC-USD,BUY,2017-06-20T09:22:56.785Z,0.41610959,BTC,2596.13,0,-1080.2745898867,USD
17175929,BTC-USD,SELL,2017-06-20T09:43:04.993Z,0.00381357,BTC,2599.17,0,9.9121167369,USD
17175930,BTC-USD,SELL,2017-06-20T09:43:15.886Z,0.41229602,BTC,2599.17,0,1071.6274463034,USD
17177158,BTC-USD,BUY,2017-06-20T10:31:12.775Z,0.41574249,BTC,2601.34,0,-1081.4875689366,USD
17177825,BTC-USD,SELL,2017-06-20T10:56:28.711Z,0.41574249,BTC,2597.98,0,1080.0906741702,USD
17178042,BTC-USD,BUY,2017-06-20T11:09:03.107Z,0.10774380,BTC,2605.47,0,-280.723238586,USD
17178048,BTC-USD,BUY,2017-06-20T11:09:14.664Z,0.30678767,BTC,2605.47,0,-799.3260705549,USD
17180606,BTC-USD,SELL,2017-06-20T12:41:54.702Z,0.01512639,BTC,2633.59,0,39.8367094401,USD
17180607,BTC-USD,SELL,2017-06-20T12:41:55.376Z,0.15150400,BTC,2633.59,0,398.99941936,USD
17180608,BTC-USD,SELL,2017-06-20T12:41:55.490Z,0.02965795,BTC,2633.59,0,78.1068805405,USD
17180609,BTC-USD,SELL,2017-06-20T12:41:55.722Z,0.21824313,BTC,2633.59,0,574.7629247367,USD
17183504,BTC-USD,BUY,2017-06-20T14:06:54.228Z,0.39427827,BTC,2641.50,0,-1041.486050205,USD
17184474,BTC-USD,BUY,2017-06-20T14:15:45.745Z,0.01884218,BTC,2644.55,0,-49.829087119,USD
17188387,BTC-USD,SELL,2017-06-20T15:25:40.953Z,0.41312045,BTC,2659.94,0,1098.875609773,USD
17191661,BTC-USD,BUY,2017-06-20T16:24:46.114Z,0.06086042,BTC,2650.31,0,-161.2989797302,USD
17191662,BTC-USD,BUY,2017-06-20T16:24:46.457Z,0.17679240,BTC,2650.31,0,-468.554665644,USD
17191666,BTC-USD,BUY,2017-06-20T16:24:53.046Z,0.17694701,BTC,2650.31,0,-468.9644300731,USD
17199395,BTC-USD,SELL,2017-06-20T18:34:22.737Z,0.14536800,BTC,2744.41,0,398.94939288,USD
17199396,BTC-USD,SELL,2017-06-20T18:34:23.202Z,0.14536800,BTC,2744.41,0,398.94939288,USD
17199398,BTC-USD,SELL,2017-06-20T18:34:25.393Z,0.10903900,BTC,2744.41,0,299.24772199,USD
17199401,BTC-USD,SELL,2017-06-20T18:34:27.175Z,0.01482483,BTC,2744.41,0,40.6854117003,USD
17201489,BTC-USD,BUY,2017-06-20T18:52:32.157Z,0.41502820,BTC,2739.43,0,-1136.940701926,USD
17202803,BTC-USD,SELL,2017-06-20T19:07:06.656Z,0.19944390,BTC,2768.20,0,552.10060398,USD
17203137,BTC-USD,SELL,2017-06-20T19:10:24.047Z,0.21558530,BTC,2752.97,0,593.499863341,USD
17206851,BTC-USD,BUY,2017-06-20T19:54:22.168Z,0.41416206,BTC,2765.44,0,-1145.3403272064,USD
17208147,BTC-USD,SELL,2017-06-20T20:06:21.219Z,0.27013423,BTC,2744.10,0,741.275340543,USD
17208275,BTC-USD,SELL,2017-06-20T20:06:53.593Z,0.01000000,BTC,2741.08,0,27.4108,USD
17208280,BTC-USD,SELL,2017-06-20T20:06:54.405Z,0.13402683,BTC,2741.08,0,367.3782631764,USD
17210332,BTC-USD,BUY,2017-06-20T20:27:25.140Z,0.13741500,BTC,2768.19,0,-380.39082885,USD
17210347,BTC-USD,BUY,2017-06-20T20:27:34.425Z,0.27297172,BTC,2768.22,0,-755.6457747384,USD
17211683,BTC-USD,SELL,2017-06-20T21:01:11.968Z,0.41038672,BTC,2765.23,0,1134.8136697456,USD
17211858,BTC-USD,BUY,2017-06-20T21:12:18.506Z,0.10000000,BTC,2768.66,0,-276.866,USD
17211956,BTC-USD,BUY,2017-06-20T21:14:50.075Z,0.10806507,BTC,2770.41,0,-299.3845505787,USD
17211960,BTC-USD,BUY,2017-06-20T21:15:04.618Z,0.20160959,BTC,2770.41,0,-558.5412242319,USD
17212328,BTC-USD,SELL,2017-06-20T21:17:50.990Z,0.01000000,BTC,2764.91,0,27.6491,USD
17212429,BTC-USD,SELL,2017-06-20T21:19:08.802Z,0.39967466,BTC,2751.89,0,1099.8607001074,USD
17217984,BTC-USD,BUY,2017-06-20T22:54:50.547Z,0.41154629,BTC,2740.42,0,-1127.8096840418,USD
17220477,BTC-USD,SELL,2017-06-20T23:36:58.890Z,0.12122626,BTC,2727.60,0,330.656746776,USD
17220478,BTC-USD,SELL,2017-06-20T23:37:29.921Z,0.29032003,BTC,2727.60,0,791.876913828,USD
17223640,BTC-USD,BUY,2017-06-21T00:54:26.365Z,0.25605725,BTC,2736.18,0,-700.618726305,USD
17223645,BTC-USD,BUY,2017-06-21T00:54:37.091Z,0.01000000,BTC,2736.67,0,-27.3667,USD
17223654,BTC-USD,BUY,2017-06-21T00:54:56.481Z,0.02000000,BTC,2736.67,0,-54.7334,USD
17223656,BTC-USD,BUY,2017-06-21T00:54:58.636Z,0.12418463,BTC,2736.67,0,-339.8523513821,USD
17223983,BTC-USD,SELL,2017-06-21T00:58:47.713Z,0.41024188,BTC,2721.95,0,1116.657885266,USD
